0|0
1|3
2|5
3|9
4|8
5|2
6|4
7|0
8|9
9|9
10|4
11|0
12|4
13|2
14|7
15|6
16|2
17|0
18|4
19|7
20|1
21|9
22|5
23|3
24|2
25|3
26|1
27|6
28|5
29|5
30|2
31|7
32|2
33|2
34|3
35|7
36|8
37|4
38|8
39|2
40|7
41|8
42|8
43|3
44|1
45|2
46|7
47|7
48|4
49|9
50|4
51|2
52|1
53|4
54|5
55|3
56|5
57|9
58|7
59|4
60|6
61|4
62|2
63|6
64|0
65|0
66|5
67|0
68|4
69|5
70|4
71|1
72|9
73|4
74|6
75|4
76|3
77|8
78|5
79|5
80|8
81|4
82|3
83|9
84|6
85|0
86|4
87|0
88|7
89|4
90|5
91|9
92|5
93|3
94|8
95|5
96|7
97|9
98|3
99|6
100|9
101|9
102|0
103|6
104|4
105|1
106|4
107|9
108|5
109|4
110|8
111|5
112|0
113|4
114|5
115|4
116|3
117|4
118|1
119|2
120|3
121|8
122|8
123|3
124|7
125|5
126|6
127|9
128|3
129|4
130|0
131|5
132|8
133|2
134|9
135|5
136|9
137|9
138|9
139|3
140|2
141|6
142|8
143|7
144|3
145|2
146|1
147|1
148|3
149|8
150|7
151|1
152|0
153|9
154|4
155|4
156|7
157|7
158|1
159|6
160|4
161|5
162|9
163|7
164|0
165|2
166|4
167|8
168|1
169|5
170|8
171|4
172|7
173|2
174|9
175|9
176|1
177|6
178|4
179|8
180|0
181|6
182|4
183|5
184|9
185|7
186|3
187|1
188|5
189|3
190|8
191|7
192|9
193|1
194|9
195|1
196|9
197|6
198|0
199|4
200|0
201|8
202|3
203|4
204|6
205|7
206|8
207|0
208|2
209|4
210|8
211|5
212|7
213|5
214|4
215|3
216|5
217|9
218|9
219|2
220|8
221|0
222|6
223|0
224|1
225|9
226|8
227|3
228|4
229|8
230|4
231|4
232|2
233|0
234|2
235|1
236|8
237|7
238|4
239|4
240|5
241|9
242|2
243|3
244|9
245|8
246|0
247|8
248|6
249|4
250|1
251|0
252|2
253|5
254|0
255|8
256|9
257|0
258|5
259|4
260|8
261|4
262|9
263|1
264|6
265|5
266|8
267|2
268|4
269|9
270|8
271|6
272|9
273|8
274|3
275|0
276|0
277|5
278|8
279|4
280|1
281|3
282|9
283|6
284|1
285|8
286|3
287|8
288|8
289|3
290|2
291|0
292|4
293|3
294|0
295|6
296|2
297|6
298|1
299|3
300|4
301|5
302|9
303|2
304|1
305|4
306|6
307|0
308|4
309|5
310|3
311|2
312|0
313|4
314|3
315|0
316|3
317|0
318|4
319|4
320|7
321|4
322|6
323|4
324|0
325|8
326|6
327|3
328|3
329|3
330|1
331|7
332|7
333|0
334|6
335|6
336|0
337|7
338|4
339|7
340|3
341|5
342|9
343|1
344|2
345|7
346|6
347|2
348|9
349|7
350|1
351|3
352|1
353|8
354|1
355|5
356|6
357|8
358|9
359|9
360|0
361|3
362|4
363|5
364|7
365|3
366|9
367|5
368|6
369|7
370|5
371|8
372|1
373|5
374|6
375|2
376|0
377|7
378|9
379|5
380|3
381|0
382|7
383|9
384|9
385|8
386|7
387|1
388|7
389|7
390|3
391|1
392|3
393|0
394|5
395|2
396|6
397|1
398|7
399|1
400|6
401|9
402|5
403|5
404|7
405|1
406|3
407|0
408|2
409|8
410|5
411|7
412|7
413|0
414|8
415|6
416|6
417|9
418|7
419|9
420|5
421|0
422|9
423|0
424|5
425|3
426|4
427|3
428|2
429|3
430|7
431|6
432|7
433|4
434|8
435|8
436|7
437|4
438|5
439|0
440|9
441|9
442|9
443|6
444|9
445|0
446|6
447|5
448|7
449|2
450|2
451|2
452|2
453|1
454|9
455|4
456|1
457|8
458|4
459|2
460|6
461|5
462|2
463|9
464|0
465|0
466|9
467|5
468|8
469|4
470|7
471|4
472|8
473|1
474|9
475|5
476|4
477|7
478|5
479|6
480|8
481|4
482|3
483|0
484|1
485|1
486|9
487|1
488|5
489|4
490|9
491|9
492|0
493|8
494|3
495|9
496|3
497|9
498|8
499|4
500|4
501|1
502|7
503|9
504|3
505|3
506|7
507|7
508|4
509|6
510|9
511|6
512|9
513|4
514|6
515|1
516|9
517|2
518|4
519|9
520|3
521|5
522|4
523|5
524|3
525|2
526|1
527|2
528|0
529|2
530|7
531|3
532|6
533|2
534|0
535|5
536|9
537|4
538|4
539|0
540|3
541|0
542|6
543|1
544|7
545|6
546|2
547|0
548|6
549|9
550|2
551|4
552|4
553|8
554|2
555|6
556|8
557|5
558|7
559|0
560|7
561|2
562|6
563|2
564|0
565|8
566|9
567|9
568|6
569|2
570|7
571|2
572|0
573|1
574|6
575|7
576|5
577|4
578|4
579|0
580|9
581|0
582|6
583|4
584|6
585|8
586|6
587|0
588|5
589|0
590|8
591|5
592|6
593|7
594|4
595|8
596|5
597|6
598|9
599|2
600|6
601|9
602|7
603|2
604|6
605|6
606|2
607|2
608|4
609|4
610|3
611|6
612|6
613|4
614|9
615|7
616|8
617|2
618|0
619|0
620|3
621|2
622|2
623|6
624|4
625|7
626|8
627|1
628|1
629|1
630|1
631|8
632|4
633|6
634|6
635|6
636|1
637|1
638|2
639|1
640|0
641|0
642|4
643|6
644|9
645|1
646|0
647|2
648|1
649|3
650|9
651|9
652|2
653|0
654|9
655|4
656|2
657|1
658|0
659|9
660|0
661|0
662|7
663|3
664|6
665|6
666|8
667|0
668|7
669|3
670|1
671|6
672|7
673|8
674|8
675|2
676|1
677|7
678|3
679|0
680|5
681|0
682|5
683|4
684|7
685|8
686|0
687|5
688|5
689|5
690|8
691|7
692|9
693|8
694|5
695|3
696|3
697|3
698|3
699|2
700|8
701|7
702|7
703|4
704|3
705|8
706|3
707|4
708|2
709|1
710|5
711|9
712|2
713|2
714|7
715|2
716|3
717|5
718|8
719|7
720|3
721|6
722|7
723|2
724|3
725|9
726|8
727|6
728|7
729|3
730|1
731|3
732|5
733|0
734|3
735|8
736|6
737|1
738|0
739|0
740|5
741|9
742|8
743|5
744|6
745|6
746|9
747|2
748|7
749|8
750|3
751|9
752|4
753|9
754|9
755|3
756|9
757|4
758|3
759|7
760|5
761|4
762|7
763|1
764|0
765|0
766|2
767|0
768|0
769|5
770|6
771|2
772|9
773|4
774|8
775|2
776|6
777|6
778|7
779|5
780|3
781|9
782|2
783|4
784|8
785|4
786|5
787|3
788|2
789|6
790|8
791|3
792|4
793|7
794|8
795|9
796|3
797|7
798|9
799|4
800|9
801|5
802|8
803|8
804|8
805|2
806|3
807|5
808|1
809|7
810|7
811|0
812|9
813|8
814|6
815|8
816|8
817|9
818|8
819|2
820|1
821|3
822|5
823|1
824|7
825|5
826|8
827|5
828|1
829|5
830|7
831|3
832|4
833|9
834|1
835|9
836|5
837|7
838|7
839|0
840|5
841|8
842|4
843|4
844|7
845|6
846|0
847|7
848|0
849|5
850|7
851|3
852|0
853|9
854|3
855|4
856|1
857|5
858|4
859|5
860|7
861|2
862|0
863|4
864|3
865|4
866|1
867|1
868|6
869|7
870|1
871|7
872|2
873|8
874|8
875|5
876|4
877|0
878|9
879|2
880|9
881|3
882|0
883|8
884|2
885|2
886|3
887|7
888|7
889|0
890|6
891|5
892|8
893|9
894|0
895|0
896|8
897|6
898|2
899|0
900|2
901|8
902|0
903|1
904|8
905|4
906|5
907|4
908|8
909|8
910|7
911|1
912|9
913|9
914|5
915|9
916|4
917|1
918|4
919|5
920|9
921|0
922|2
923|7
924|3
925|4
926|3
927|9
928|3
929|4
930|9
931|9
932|3
933|6
934|1
935|2
936|1
937|7
938|2
939|3
940|7
941|3
942|6
943|3
944|8
945|4
946|4
947|5
948|6
949|0
950|1
951|7
952|6
953|6
954|9
955|7
956|4
957|9
958|2
959|1
960|1
961|9
962|7
963|6
964|8
965|3
966|4
967|2
968|0
969|7
970|4
971|1
972|0
973|0
974|5
975|4
976|2
977|4
978|4
979|4
980|9
981|7
982|2
983|8
984|5
985|8
986|7
987|5
988|0
989|5
990|3
991|2
992|3
993|7
994|5
995|1
996|0
997|7
998|4
999|0
1000|2
1001|5
1002|8
1003|2
1004|7
1005|6
1006|8
1007|8
1008|1
1009|2
1010|9
1011|9
1012|7
1013|8
1014|6
1015|8
1016|4
1017|1
1018|8
1019|8
1020|4
1021|7
1022|6
1023|6
1024|8
1025|3
1026|4
1027|4
1028|1
1029|4
1030|2
1031|9
1032|7
1033|3
1034|8
1035|8
1036|9
1037|7
1038|5
1039|3
1040|1
1041|6
1042|4
1043|2
1044|8
1045|2
1046|7
1047|1
1048|8
1049|6
1050|0
1051|8
1052|5
1053|0
1054|5
1055|1
1056|1
1057|8
1058|3
1059|4
1060|5
1061|7
1062|4
1063|1
1064|4
1065|2
1066|0
1067|7
1068|8
1069|6
1070|3
1071|9
1072|0
1073|3
1074|3
1075|3
1076|8
1077|1
1078|9
1079|6
1080|9
1081|5
1082|4
1083|9
1084|4
1085|4
1086|4
1087|4
1088|7
1089|8
1090|3
1091|2
1092|8
1093|9
1094|4
1095|7
1096|4
1097|1
1098|5
1099|8
1100|6
1101|1
1102|2
1103|3
1104|6
1105|1
1106|8
1107|2
1108|0
1109|4
1110|9
1111|1
1112|0
1113|1
1114|4
1115|7
1116|4
1117|5
1118|5
1119|7
1120|2
1121|6
1122|5
1123|9
1124|3
1125|3
1126|3
1127|8
1128|6
1129|6
1130|1
1131|0
1132|9
1133|1
1134|1
1135|0
1136|0
1137|9
1138|2
1139|5
1140|0
1141|7
1142|2
1143|8
1144|4
1145|0
1146|0
1147|7
1148|5
1149|1
1150|3
1151|8
1152|1
1153|7
1154|2
1155|1
1156|0
1157|5
1158|3
1159|2
1160|7
1161|2
1162|7
1163|9
1164|1
1165|2
1166|9
1167|3
1168|0
1169|6
1170|8
1171|3
1172|0
1173|5
1174|5
1175|4
1176|9
1177|3
1178|8
1179|0
1180|3
1181|6
1182|7
1183|0
1184|2
1185|2
1186|4
1187|9
1188|5
1189|6
1190|5
1191|7
1192|2
1193|4
1194|3
1195|4
1196|3
1197|0
1198|7
1199|2
1200|7
1201|0
1202|2
1203|1
1204|1
1205|4
1206|3
1207|6
1208|0
1209|4
1210|4
1211|0
1212|1
1213|0
1214|6
1215|2
1216|0
1217|2
1218|2
1219|9
1220|8
1221|6
1222|2
1223|7
1224|4
1225|9
1226|5
1227|3
1228|1
1229|1
1230|1
1231|8
1232|6
1233|4
1234|7
1235|4
1236|3
1237|9
1238|1
1239|7
1240|1
1241|9
1242|7
1243|9
1244|4
1245|3
1246|7
1247|7
1248|2
1249|4
1250|8
1251|9
1252|0
1253|4
1254|8
1255|2
1256|2
1257|0
1258|3
1259|3
1260|6
1261|9
1262|6
1263|0
1264|6
1265|3
1266|0
1267|0
1268|3
1269|2
1270|0
1271|8
1272|3
1273|6
1274|7
1275|6
1276|4
1277|3
1278|3
1279|6
1280|2
1281|1
1282|8
1283|5
1284|1
1285|2
1286|8
1287|6
1288|3
1289|6
1290|4
1291|4
1292|3
1293|6
1294|0
1295|1
1296|0
1297|6
1298|0
1299|8
1300|7
1301|1
1302|2
1303|6
1304|5
1305|5
1306|6
1307|3
1308|3
1309|9
1310|0
1311|1
1312|9
1313|3
1314|4
1315|4
1316|9
1317|2
1318|4
1319|3
1320|8
1321|1
1322|2
1323|6
1324|6
1325|8
1326|6
1327|4
1328|3
1329|9
1330|4
1331|3
1332|5
1333|4
1334|6
1335|2
1336|2
1337|0
1338|7
1339|8
1340|4
1341|0
1342|2
1343|8
1344|2
1345|5
1346|6
1347|3
1348|5
1349|4
1350|9
1351|7
1352|0
1353|9
1354|6
1355|3
1356|1
1357|0
1358|9
1359|0
1360|9
1361|6
1362|3
1363|5
1364|6
1365|0
1366|3
1367|9
1368|6
1369|1
1370|1
1371|6
1372|3
1373|2
1374|4
1375|6
1376|4
1377|5
1378|5
1379|7
1380|6
1381|3
1382|2
1383|4
1384|8
1385|6
1386|0
1387|0
1388|2
1389|5
1390|6
1391|9
1392|3
1393|9
1394|2
1395|4
1396|8
1397|9
1398|5
1399|2
1400|9
1401|5
1402|1
1403|0
1404|6
1405|5
1406|1
1407|5
1408|9
1409|7
1410|1
1411|4
1412|2
1413|2
1414|4
1415|7
1416|8
1417|8
1418|6
1419|4
1420|7
1421|0
1422|6
1423|5
1424|6
1425|1
1426|2
1427|2
1428|2
1429|5
1430|8
1431|4
1432|9
1433|3
1434|8
1435|6
1436|1
1437|3
1438|0
1439|9
1440|6
1441|2
1442|3
1443|2
1444|4
1445|8
1446|6
1447|5
1448|6
1449|1
1450|5
1451|4
1452|7
1453|7
1454|3
1455|7
1456|0
1457|1
1458|8
1459|4
1460|1
1461|3
1462|8
1463|0
1464|4
1465|0
1466|3
1467|6
1468|0
1469|5
1470|7
1471|4
1472|2
1473|8
1474|9
1475|1
1476|5
1477|4
1478|4
1479|8
1480|3
1481|1
1482|5
1483|8
1484|7
1485|0
1486|3
1487|8
1488|6
1489|5
1490|6
1491|8
1492|7
1493|0
1494|9
1495|8
1496|5
1497|1
1498|2
1499|6
1500|2
1501|9
1502|1
1503|4
1504|3
1505|6
1506|4
1507|8
1508|6
1509|0
1510|6
1511|6
1512|7
1513|4
1514|4
1515|0
1516|8
1517|4
1518|9
1519|1
1520|8
1521|6
1522|3
1523|7
1524|7
1525|4
1526|8
1527|4
1528|2
1529|5
1530|2
1531|0
1532|0
1533|3
1534|1
1535|6
1536|2
1537|9
1538|9
1539|7
1540|6
1541|4
1542|7
1543|0
1544|3
1545|7
1546|9
1547|1
1548|8
1549|4
1550|4
1551|7
1552|6
1553|9
1554|6
1555|3
1556|9
1557|3
1558|3
1559|7
1560|8
1561|6
1562|2
1563|5
1564|1
1565|0
1566|1
1567|5
1568|5
1569|3
1570|9
1571|3
1572|5
1573|5
1574|1
1575|6
1576|2
1577|6
1578|5
1579|6
1580|3
1581|9
1582|7
1583|9
1584|8
1585|5
1586|8
1587|1
1588|1
1589|7
1590|9
1591|1
1592|6
1593|5
1594|8
1595|1
1596|8
1597|6
1598|8
1599|3
1600|2
1601|7
1602|6
1603|5
1604|0
1605|2
1606|3
1607|9
1608|9
1609|0
1610|2
1611|4
1612|1
1613|4
1614|9
1615|9
1616|3
1617|3
1618|9
1619|0
1620|2
1621|5
1622|9
1623|3
1624|4
1625|4
1626|8
1627|9
1628|3
1629|6
1630|4
1631|8
1632|3
1633|4
1634|7
1635|0
1636|5
1637|1
1638|0
1639|0
1640|9
1641|1
1642|8
1643|3
1644|4
1645|6
1646|5
1647|1
1648|9
1649|3
1650|7
1651|5
1652|3
1653|6
1654|4
1655|7
1656|4
1657|2
1658|7
1659|9
1660|6
1661|6
1662|6
1663|0
1664|0
1665|8
1666|4
1667|4
1668|5
1669|8
1670|1
1671|7
1672|0
1673|5
1674|0
1675|0
1676|3
1677|4
1678|4
1679|7
1680|3
1681|2
1682|2
1683|7
1684|3
1685|4
1686|3
1687|0
1688|7
1689|9
1690|7
1691|1
1692|0
1693|4
1694|1
1695|0
1696|5
1697|5
1698|2
1699|9
1700|3
1701|5
1702|1
1703|6
1704|5
1705|3
1706|4
1707|3
1708|5
1709|6
1710|4
1711|8
1712|3
1713|5
1714|2
1715|4
1716|1
1717|8
1718|0
1719|7
1720|0
1721|2
1722|2
1723|9
1724|7
1725|3
1726|1
1727|4
1728|0
1729|9
1730|1
1731|7
1732|6
1733|2
1734|9
1735|8
1736|5
1737|8
1738|9
1739|7
1740|2
1741|4
1742|2
1743|5
1744|1
1745|3
1746|3
1747|6
1748|9
1749|7
1750|2
1751|0
1752|2
1753|4
1754|0
1755|4
1756|3
1757|7
1758|4
1759|7
1760|9
1761|8
1762|5
1763|7
1764|4
1765|8
1766|5
1767|2
1768|0
1769|7
1770|6
1771|3
1772|3
1773|6
1774|9
1775|0
1776|9
1777|7
1778|1
1779|6
1780|9
1781|4
1782|3
1783|5
1784|0
1785|6
1786|4
1787|1
1788|8
1789|1
1790|1
1791|7
1792|9
1793|5
1794|5
1795|6
1796|9
1797|6
1798|8
1799|3
1800|6
1801|5
1802|8
1803|7
1804|8
1805|6
1806|8
1807|0
1808|6
1809|9
1810|1
1811|4
1812|5
1813|9
1814|7
1815|2
1816|9
1817|2
1818|0
1819|4
1820|4
1821|0
1822|6
1823|2
1824|8
1825|6
1826|7
1827|0
1828|0
1829|9
1830|0
1831|5
1832|9
1833|8
1834|9
1835|4
1836|5
1837|6
1838|1
1839|1
1840|3
1841|8
1842|7
1843|9
1844|8
1845|1
1846|0
1847|7
1848|6
1849|6
1850|9
1851|3
1852|4
1853|3
1854|1
1855|4
1856|6
1857|3
1858|5
1859|1
1860|8
1861|2
1862|8
1863|6
1864|6
1865|6
1866|3
1867|3
1868|2
1869|0
1870|0
1871|4
1872|2
1873|0
1874|7
1875|2
1876|4
1877|8
1878|0
1879|9
1880|9
1881|1
1882|8
1883|4
1884|7
1885|4
1886|5
1887|5
1888|7
1889|7
1890|9
1891|5
1892|8
1893|2
1894|2
1895|7
1896|8
1897|7
1898|2
1899|0
1900|1
1901|8
1902|2
1903|8
1904|4
1905|0
1906|3
1907|3
1908|6
1909|9
1910|0
1911|7
1912|7
1913|4
1914|2
1915|4
1916|5
1917|0
1918|9
1919|3
1920|2
1921|4
1922|7
1923|4
1924|9
1925|1
1926|7
1927|0
1928|3
1929|3
1930|8
1931|9
1932|0
1933|4
1934|5
1935|6
1936|6
1937|3
1938|9
1939|0
1940|2
1941|5
1942|4
1943|9
1944|0
1945|1
1946|6
1947|5
1948|6
1949|1
1950|0
1951|3
1952|8
1953|4
1954|7
1955|0
1956|7
1957|8
1958|7
1959|3
1960|0
1961|5
1962|9
1963|0
1964|3
1965|5
1966|4
1967|3
1968|6
1969|6
1970|9
1971|1
1972|7
1973|0
1974|3
1975|4
1976|2
1977|3
1978|5
1979|8
1980|0
1981|9
1982|2
1983|5
1984|0
1985|3
1986|7
1987|5
1988|2
1989|1
1990|1
1991|2
1992|0
1993|1
1994|2
1995|4
1996|3
1997|3
1998|5
1999|4
2000|1
2001|8
2002|6
2003|3
2004|5
2005|6
2006|8
2007|3
2008|0
2009|6
2010|5
2011|2
2012|0
2013|0
2014|0
2015|3
2016|4
2017|0
2018|1
2019|2
2020|3
2021|6
2022|7
2023|4
2024|0
2025|9
2026|1
2027|7
2028|4
2029|9
2030|9
2031|3
2032|1
2033|6
2034|4
2035|5
2036|1
2037|7
2038|7
2039|0
2040|9
2041|1
2042|7
2043|5
2044|2
2045|0
2046|1
2047|7
2048|3
2049|9
2050|2
2051|5
2052|3
2053|3
2054|1
2055|0
2056|7
2057|5
2058|8
2059|8
2060|8
2061|7
2062|7
2063|8
2064|0
2065|5
2066|7
2067|6
2068|5
2069|8
2070|3
2071|3
2072|2
2073|4
2074|6
2075|2
2076|9
2077|4
2078|5
2079|8
2080|0
2081|3
2082|3
2083|3
2084|7
2085|0
2086|9
2087|0
2088|1
2089|7
2090|7
2091|5
2092|0
2093|0
2094|1
2095|4
2096|2
2097|1
2098|9
2099|4
2100|9
2101|3
2102|4
2103|6
2104|3
2105|7
2106|1
2107|5
2108|7
2109|4
2110|2
2111|3
2112|7
2113|9
2114|7
2115|5
2116|7
2117|1
2118|1
2119|0
2120|0
2121|9
2122|5
2123|1
2124|4
2125|1
2126|9
2127|9
2128|3
2129|5
2130|2
2131|8
2132|1
2133|6
2134|1
2135|3
2136|5
2137|5
2138|5
2139|0
2140|5
2141|5
2142|1
2143|9
2144|5
2145|3
2146|1
2147|3
2148|6
2149|9
2150|9
2151|9
2152|7
2153|8
2154|5
2155|5
2156|0
2157|1
2158|0
2159|2
2160|7
2161|9
2162|3
2163|7
2164|3
2165|8
2166|7
2167|9
2168|1
2169|3
2170|1
2171|2
2172|7
2173|6
2174|1
2175|5
2176|9
2177|8
2178|6
2179|5
2180|4
2181|6
2182|6
2183|1
2184|9
2185|7
2186|7
2187|7
2188|9
2189|4
2190|7
2191|2
2192|1
2193|8
2194|6
2195|0
2196|2
2197|6
2198|6
2199|8
2200|4
2201|2
2202|0
2203|3
2204|0
2205|3
2206|8
2207|3
2208|0
2209|3
2210|7
2211|7
2212|8
2213|8
2214|3
2215|8
2216|5
2217|5
2218|2
2219|6
2220|7
2221|1
2222|5
2223|1
2224|8
2225|0
2226|7
2227|7
2228|3
2229|2
2230|4
2231|0
2232|7
2233|7
2234|6
2235|2
2236|7
2237|9
2238|2
2239|8
2240|4
2241|1
2242|0
2243|9
2244|7
2245|2
2246|2
2247|0
2248|0
2249|8
2250|2
2251|7
2252|1
2253|3
2254|7
2255|0
2256|6
2257|9
2258|2
2259|5
2260|0
2261|6
2262|0
2263|0
2264|1
2265|4
2266|2
2267|4
2268|0
2269|0
2270|0
2271|5
2272|8
2273|6
2274|5
2275|8
2276|9
2277|7
2278|1
2279|1
2280|9
2281|9
2282|4
2283|6
2284|6
2285|5
2286|4
2287|4
2288|6
2289|7
2290|5
2291|7
2292|3
2293|4
2294|1
2295|9
2296|4
2297|7
2298|9
2299|4
2300|7
2301|6
2302|8
2303|6
2304|0
2305|1
2306|4
2307|6
2308|7
2309|5
2310|9
2311|9
2312|8
2313|1
2314|5
2315|2
2316|0
2317|3
2318|5
2319|2
2320|8
2321|3
2322|1
2323|1
2324|2
2325|3
2326|8
2327|4
2328|8
2329|2
2330|1
2331|6
2332|2
2333|5
2334|7
2335|4
2336|3
2337|4
2338|7
2339|9
2340|6
2341|4
2342|7
2343|3
2344|5
2345|1
2346|3
2347|1
2348|8
2349|5
2350|7
2351|0
2352|0
2353|0
2354|9
2355|5
2356|1
2357|1
2358|5
2359|7
2360|1
2361|7
2362|4
2363|2
2364|2
2365|2
2366|3
2367|9
2368|2
2369|0
2370|8
2371|4
2372|2
2373|9
2374|0
2375|4
2376|2
2377|3
2378|6
2379|4
2380|0
2381|6
2382|2
2383|1
2384|3
2385|7
2386|1
2387|8
2388|2
2389|5
2390|1
2391|1
2392|0
2393|7
2394|8
2395|4
2396|8
2397|6
2398|4
2399|5
2400|7
2401|1
2402|9
2403|4
2404|8
2405|5
2406|3
2407|1
2408|8
2409|7
2410|9
2411|4
2412|5
2413|2
2414|5
2415|3
2416|6
2417|5
2418|6
2419|8
2420|6
2421|3
2422|2
2423|4
2424|0
2425|8
2426|2
2427|9
2428|0
2429|0
2430|2
2431|1
2432|6
2433|6
2434|9
2435|6
2436|4
2437|6
2438|9
2439|5
2440|5
2441|4
2442|7
2443|2
2444|5
2445|9
2446|9
2447|9
2448|2
2449|3
2450|8
2451|6
2452|5
2453|1
2454|4
2455|0
2456|1
2457|8
2458|4
2459|1
2460|8
2461|5
2462|4
2463|2
2464|9
2465|4
2466|6
2467|6
2468|6
2469|5
2470|7
2471|9
2472|8
2473|2
2474|1
2475|9
2476|7
2477|1
2478|6
2479|3
2480|2
2481|8
2482|2
2483|5
2484|4
2485|0
2486|1
2487|3
2488|9
2489|9
2490|0
2491|3
2492|0
2493|8
2494|4
2495|7
2496|1
2497|1
2498|3
2499|2
2500|6
2501|3
2502|8
2503|3
2504|9
2505|2
2506|0
2507|3
2508|9
2509|7
2510|2
2511|4
2512|4
2513|6
2514|6
2515|7
2516|9
2517|4
2518|9
2519|9
2520|0
2521|7
2522|8
2523|3
2524|2
2525|5
2526|0
2527|3
2528|8
2529|2
2530|3
2531|3
2532|2
2533|6
2534|7
2535|9
2536|7
2537|9
2538|7
2539|6
2540|6
2541|1
2542|1
2543|4
2544|4
2545|4
2546|7
2547|0
2548|9
2549|7
2550|1
2551|4
2552|1
2553|4
2554|5
2555|8
2556|8
2557|4
2558|2
2559|9
2560|0
2561|6
2562|2
2563|4
2564|9
2565|1
2566|7
2567|4
2568|9
2569|5
2570|7
2571|9
2572|8
2573|5
2574|0
2575|8
2576|2
2577|2
2578|7
2579|8
2580|3
2581|6
2582|3
2583|3
2584|0
2585|8
2586|3
2587|6
2588|0
2589|9
2590|4
2591|6
2592|4
2593|8
2594|7
2595|4
2596|3
2597|6
2598|2
2599|3
2600|2
2601|8
2602|7
2603|1
2604|8
2605|2
2606|3
2607|6
2608|0
2609|2
2610|6
2611|6
2612|7
2613|8
2614|6
2615|1
2616|5
2617|5
2618|2
2619|8
2620|3
2621|2
2622|6
2623|8
2624|1
2625|4
2626|8
2627|3
2628|6
2629|5
2630|5
2631|0
2632|8
2633|8
2634|3
2635|1
2636|0
2637|8
2638|3
2639|5
2640|5
2641|9
2642|8
2643|3
2644|4
2645|8
2646|6
2647|4
2648|7
2649|1
2650|6
2651|0
2652|6
2653|7
2654|6
2655|6
2656|4
2657|0
2658|6
2659|8
2660|2
2661|5
2662|6
2663|4
2664|3
2665|0
2666|0
2667|8
2668|7
2669|1
2670|7
2671|6
2672|0
2673|8
2674|1
2675|5
2676|0
2677|7
2678|9
2679|6
2680|9
2681|6
2682|9
2683|7
2684|2
2685|4
2686|2
2687|2
2688|9
2689|5
2690|7
2691|6
2692|9
2693|5
2694|7
2695|1
2696|2
2697|9
2698|6
2699|2
2700|0
2701|4
2702|5
2703|5
2704|3
2705|6
2706|5
2707|7
2708|8
2709|7
2710|5
2711|2
2712|0
2713|2
2714|8
2715|6
2716|4
2717|3
2718|4
2719|0
2720|6
2721|7
2722|0
2723|9
2724|2
2725|9
2726|4
2727|4
2728|4
2729|5
2730|2
2731|2
2732|4
2733|7
2734|0
2735|7
2736|4
2737|1
2738|2
2739|5
2740|5
2741|1
2742|4
2743|1
2744|2
2745|1
2746|5
2747|4
2748|0
2749|6
2750|9
2751|6
2752|6
2753|4
2754|3
2755|2
2756|9
2757|4
2758|6
2759|7
2760|0
2761|8
2762|5
2763|5
2764|1
2765|9
2766|6
2767|3
2768|1
2769|0
2770|3
2771|4
2772|5
2773|1
2774|6
2775|6
2776|5
2777|4
2778|8
2779|7
2780|8
2781|4
2782|1
2783|8
2784|7
2785|2
2786|5
2787|4
2788|1
2789|9
2790|6
2791|1
2792|8
2793|7
2794|1
2795|7
2796|2
2797|4
2798|1
2799|3
2800|0
2801|6
2802|4
2803|3
2804|3
2805|5
2806|6
2807|5
2808|8
2809|4
2810|4
2811|4
2812|8
2813|4
2814|6
2815|1
2816|1
2817|0
2818|4
2819|0
2820|3
2821|9
2822|8
2823|7
2824|3
2825|7
2826|4
2827|3
2828|7
2829|8
2830|1
2831|4
2832|8
2833|4
2834|1
2835|5
2836|5
2837|7
2838|4
2839|7
2840|0
2841|9
2842|4
2843|3
2844|9
2845|5
2846|9
2847|3
2848|6
2849|2
2850|4
2851|8
2852|0
2853|1
2854|5
2855|1
2856|7
2857|9
2858|7
2859|3
2860|9
2861|7
2862|4
2863|0
2864|5
2865|6
2866|6
2867|9
2868|1
2869|5
2870|0
2871|1
2872|2
2873|7
2874|5
2875|7
2876|4
2877|0
2878|9
2879|9
2880|4
2881|2
2882|2
2883|8
2884|0
2885|5
2886|7
2887|3
2888|9
2889|6
2890|9
2891|8
2892|7
2893|7
2894|4
2895|1
2896|8
2897|5
2898|5
2899|0
2900|1
2901|4
2902|8
2903|8
2904|8
2905|6
2906|6
2907|7
2908|2
2909|9
2910|3
2911|7
2912|6
2913|7
2914|0
2915|4
2916|7
2917|4
2918|2
2919|6
2920|1
2921|2
2922|7
2923|4
2924|8
2925|4
2926|1
2927|3
2928|0
2929|5
2930|6
2931|3
2932|0
2933|7
2934|4
2935|5
2936|9
2937|2
2938|2
2939|3
2940|6
2941|0
2942|7
2943|1
2944|3
2945|1
2946|9
2947|0
2948|2
2949|7
2950|2
2951|7
2952|4
2953|9
2954|1
2955|1
2956|4
2957|5
2958|8
2959|1
2960|2
2961|2
2962|1
2963|9
2964|6
2965|6
2966|8
2967|3
2968|2
2969|9
2970|5
2971|2
2972|1
2973|9
2974|5
2975|9
2976|4
2977|8
2978|7
2979|4
2980|2
2981|1
2982|4
2983|7
2984|2
2985|9
2986|9
2987|4
2988|3
2989|9
2990|5
2991|4
2992|8
2993|3
2994|3
2995|2
2996|7
2997|5
2998|5
2999|9
3000|9
3001|3
3002|3
3003|2
3004|7
3005|3
3006|1
3007|7
3008|8
3009|6
3010|9
3011|3
3012|3
3013|2
3014|2
3015|5
3016|9
3017|7
3018|5
3019|3
3020|9
3021|0
3022|3
3023|9
3024|4
3025|5
3026|0
3027|4
3028|0
3029|1
3030|8
3031|1
3032|6
3033|9
3034|9
3035|4
3036|2
3037|0
3038|0
3039|4
3040|8
3041|7
3042|7
3043|6
3044|5
3045|6
3046|8
3047|2
3048|9
3049|1
3050|2
3051|7
3052|9
3053|2
3054|6
3055|1
3056|1
3057|3
3058|2
3059|4
3060|1
3061|2
3062|1
3063|1
3064|6
3065|4
3066|9
3067|0
3068|0
3069|2
3070|0
3071|3
3072|2
3073|1
3074|2
3075|0
3076|8
3077|3
3078|0
3079|5
3080|2
3081|3
3082|2
3083|9
3084|7
3085|7
3086|6
3087|3
3088|7
3089|4
3090|4
3091|0
3092|5
3093|9
3094|3
3095|5
3096|5
3097|3
3098|8
3099|6
3100|5
3101|4
3102|1
3103|9
3104|3
3105|6
3106|2
3107|9
3108|6
3109|8
3110|3
3111|1
3112|7
3113|0
3114|8
3115|3
3116|9
3117|7
3118|5
3119|1
3120|9
3121|9
3122|4
3123|7
3124|0
3125|6
3126|2
3127|9
3128|5
3129|8
3130|5
3131|4
3132|0
3133|3
3134|1
3135|2
3136|8
3137|1
3138|7
3139|1
3140|6
3141|8
3142|9
3143|2
3144|5
3145|3
3146|4
3147|0
3148|4
3149|3
3150|1
3151|5
3152|3
3153|1
3154|2
3155|0
3156|3
3157|9
3158|2
3159|1
3160|7
3161|2
3162|3
3163|6
3164|5
3165|3
3166|7
3167|6
3168|7
3169|5
3170|2
3171|6
3172|0
3173|9
3174|5
3175|0
3176|9
3177|9
3178|3
3179|6
3180|3
3181|9
3182|3
3183|2
3184|7
3185|7
3186|3
3187|7
3188|0
3189|4
3190|7
3191|7
3192|5
3193|0
3194|3
3195|7
3196|2
3197|6
3198|0
3199|1
3200|4
3201|2
3202|3
3203|7
3204|7
3205|8
3206|6
3207|5
3208|7
3209|1
3210|9
3211|1
3212|6
3213|3
3214|6
3215|4
3216|1
3217|3
3218|3
3219|6
3220|0
3221|5
3222|0
3223|3
3224|2
3225|8
3226|8
3227|6
3228|7
3229|4
3230|9
3231|0
3232|5
3233|5
3234|8
3235|7
3236|8
3237|9
3238|0
3239|7
3240|9
3241|6
3242|3
3243|3
3244|0
3245|9
3246|9
3247|2
3248|5
3249|6
3250|3
3251|0
3252|7
3253|6
3254|6
3255|5
3256|9
3257|6
3258|0
3259|8
3260|9
3261|3
3262|2
3263|9
3264|0
3265|4
3266|3
3267|4
3268|7
3269|0
3270|1
3271|3
3272|9
3273|8
3274|0
3275|6
3276|8
3277|3
3278|5
3279|7
3280|3
3281|9
3282|4
3283|4
3284|6
3285|0
3286|6
3287|4
3288|2
3289|1
3290|0
3291|5
3292|3
3293|2
3294|0
3295|9
3296|0
3297|0
3298|1
3299|2
3300|2
3301|9
3302|1
3303|7
3304|4
3305|2
3306|6
3307|4
3308|5
3309|1
3310|9
3311|3
3312|7
3313|1
3314|2
3315|7
3316|7
3317|9
3318|7
3319|6
3320|5
3321|6
3322|1
3323|2
3324|6
3325|3
3326|4
3327|2
3328|7
3329|2
3330|9
3331|3
3332|4
3333|2
3334|2
3335|8
3336|6
3337|7
3338|2
3339|7
3340|1
3341|7
3342|9
3343|3
3344|9
3345|4
3346|1
3347|1
3348|1
3349|5
3350|7
3351|9
3352|4
3353|4
3354|1
3355|6
3356|5
3357|2
3358|3
3359|0
3360|4
3361|8
3362|9
3363|6
3364|7
3365|2
3366|1
3367|2
3368|7
3369|3
3370|3
3371|2
3372|6
3373|1
3374|0
3375|1
3376|2
3377|0
3378|2
3379|8
3380|4
3381|3
3382|6
3383|8
3384|1
3385|2
3386|5
3387|8
3388|6
3389|1
3390|5
3391|6
3392|6
3393|6
3394|6
3395|7
3396|3
3397|8
3398|6
3399|5
3400|7
3401|1
3402|2
3403|9
3404|3
3405|2
3406|1
3407|2
3408|3
3409|8
3410|7
3411|9
3412|4
3413|8
3414|6
3415|5
3416|4
3417|6
3418|5
3419|3
3420|3
3421|6
3422|1
3423|4
3424|2
3425|6
3426|1
3427|8
3428|6
3429|3
3430|6
3431|7
3432|1
3433|3
3434|5
3435|6
3436|8
3437|6
3438|0
3439|8
3440|3
3441|7
3442|2
3443|0
3444|3
3445|3
3446|7
3447|7
3448|3
3449|0
3450|5
3451|5
3452|3
3453|6
3454|4
3455|3
3456|8
3457|6
3458|1
3459|4
3460|2
3461|9
3462|2
3463|5
3464|9
3465|3
3466|9
3467|3
3468|0
3469|5
3470|5
3471|5
3472|7
3473|0
3474|5
3475|4
3476|9
3477|1
3478|6
3479|2
3480|5
3481|6
3482|5
3483|7
3484|5
3485|3
3486|2
3487|4
3488|1
3489|6
3490|4
3491|3
3492|6
3493|2
3494|8
3495|1
3496|9
3497|9
3498|8
3499|3
3500|7
3501|4
3502|5
3503|2
3504|8
3505|2
3506|3
3507|7
3508|1
3509|9
3510|2
3511|0
3512|4
3513|5
3514|9
3515|9
3516|3
3517|5
3518|6
3519|8
3520|9
3521|8
3522|7
3523|9
3524|0
3525|4
3526|5
3527|4
3528|1
3529|8
3530|4
3531|8
3532|6
3533|7
3534|2
3535|7
3536|3
3537|6
3538|2
3539|5
3540|1
3541|7
3542|0
3543|2
3544|9
3545|1
3546|5
3547|2
3548|5
3549|8
3550|5
3551|1
3552|8
3553|7
3554|8
3555|6
3556|6
3557|2
3558|2
3559|7
3560|6
3561|8
3562|4
3563|9
3564|6
3565|7
3566|3
3567|8
3568|9
3569|3
3570|9
3571|4
3572|0
3573|4
3574|4
3575|2
3576|1
3577|5
3578|9
3579|5
3580|1
3581|1
3582|3
3583|3
3584|0
3585|9
3586|2
3587|0
3588|2
3589|5
3590|1
3591|7
3592|5
3593|0
3594|9
3595|6
3596|3
3597|8
3598|1
3599|6
3600|2
3601|7
3602|4
3603|3
3604|3
3605|0
3606|6
3607|8
3608|3
3609|9
3610|4
3611|5
3612|1
3613|8
3614|1
3615|1
3616|0
3617|8
3618|3
3619|2
3620|6
3621|8
3622|7
3623|7
3624|0
3625|2
3626|7
3627|1
3628|5
3629|8
3630|7
3631|2
3632|9
3633|2
3634|1
3635|0
3636|5
3637|3
3638|7
3639|3
3640|5
3641|7
3642|1
3643|1
3644|9
3645|1
3646|7
3647|8
3648|4
3649|8
3650|3
3651|0
3652|0
3653|6
3654|2
3655|1
3656|4
3657|5
3658|4
3659|3
3660|5
3661|5
3662|6
3663|1
3664|1
3665|6
3666|5
3667|8
3668|1
3669|5
3670|8
3671|9
3672|6
3673|7
3674|2
3675|8
3676|9
3677|5
3678|0
3679|6
3680|5
3681|2
3682|2
3683|0
3684|6
3685|1
3686|4
3687|4
3688|0
3689|4
3690|7
3691|0
3692|5
3693|9
3694|9
3695|4
3696|1
3697|0
3698|0
3699|8
3700|0
3701|3
3702|9
3703|3
3704|8
3705|7
3706|0
3707|4
3708|0
3709|3
3710|5
3711|6
3712|7
3713|5
3714|2
3715|7
3716|1
3717|8
3718|1
3719|7
3720|6
3721|9
3722|4
3723|4
3724|9
3725|6
3726|3
3727|9
3728|4
3729|2
3730|4
3731|3
3732|8
3733|3
3734|5
3735|1
3736|5
3737|0
3738|6
3739|1
3740|4
3741|1
3742|7
3743|7
3744|8
3745|6
3746|3
3747|6
3748|5
3749|9
3750|5
3751|8
3752|6
3753|4
3754|6
3755|4
3756|3
3757|4
3758|0
3759|0
3760|2
3761|0
3762|4
3763|9
3764|0
3765|2
3766|0
3767|7
3768|6
3769|7
3770|7
3771|6
3772|5
3773|3
3774|5
3775|7
3776|4
3777|2
3778|6
3779|3
3780|6
3781|9
3782|7
3783|7
3784|9
3785|2
3786|4
3787|9
3788|8
3789|3
3790|0
3791|1
3792|9
3793|7
3794|7
3795|5
3796|5
3797|2
3798|9
3799|0
3800|9
3801|3
3802|9
3803|8
3804|9
3805|2
3806|3
3807|2
3808|5
3809|7
3810|0
3811|7
3812|7
3813|3
3814|6
3815|8
3816|8
3817|4
3818|9
3819|4
3820|5
3821|7
3822|0
3823|0
3824|8
3825|6
3826|2
3827|6
3828|2
3829|6
3830|0
3831|3
3832|4
3833|3
3834|0
3835|5
3836|1
3837|8
3838|4
3839|7
3840|4
3841|1
3842|5
3843|4
3844|7
3845|7
3846|5
3847|4
3848|9
3849|8
3850|1
3851|1
3852|7
3853|7
3854|8
3855|0
3856|6
3857|5
3858|2
3859|6
3860|5
3861|6
3862|8
3863|3
3864|8
3865|4
3866|4
3867|5
3868|1
3869|7
3870|1
3871|8
3872|7
3873|9
3874|2
3875|9
3876|7
3877|6
3878|4
3879|4
3880|7
3881|7
3882|9
3883|6
3884|9
3885|8
3886|0
3887|7
3888|1
3889|4
3890|5
3891|0
3892|5
3893|4
3894|3
3895|3
3896|5
3897|3
3898|8
3899|9
3900|7
3901|8
3902|4
3903|3
3904|2
3905|8
3906|8
3907|3
3908|2
3909|2
3910|8
3911|0
3912|3
3913|3
3914|1
3915|1
3916|1
3917|4
3918|8
3919|0
3920|7
3921|3
3922|4
3923|6
3924|6
3925|8
3926|6
3927|9
3928|3
3929|1
3930|4
3931|1
3932|2
3933|7
3934|9
3935|1
3936|7
3937|5
3938|6
3939|8
3940|8
3941|1
3942|3
3943|5
3944|2
3945|0
3946|9
3947|1
3948|4
3949|5
3950|8
3951|2
3952|2
3953|3
3954|0
3955|5
3956|4
3957|2
3958|3
3959|2
3960|7
3961|0
3962|9
3963|1
3964|1
3965|5
3966|2
3967|8
3968|9
3969|4
3970|0
3971|0
3972|6
3973|6
3974|9
3975|2
3976|1
3977|7
3978|3
3979|4
3980|7
3981|9
3982|1
3983|1
3984|1
3985|4
3986|4
3987|7
3988|1
3989|4
3990|2
3991|7
3992|6
3993|9
3994|7
3995|5
3996|3
3997|9
3998|2
3999|0
4000|5
4001|1
4002|4
4003|6
4004|7
4005|4
4006|1
4007|5
4008|7
4009|8
4010|3
4011|7
4012|9
4013|9
4014|1
4015|8
4016|0
4017|1
4018|2
4019|7
4020|2
4021|7
4022|6
4023|4
4024|3
4025|3
4026|8
4027|2
4028|5
4029|3
4030|1
4031|3
4032|9
4033|6
4034|9
4035|8
4036|7
4037|9
4038|2
4039|2
4040|6
4041|3
4042|3
4043|0
4044|6
4045|7
4046|9
4047|3
4048|3
4049|4
4050|8
4051|8
4052|7
4053|7
4054|6
4055|3
4056|3
4057|6
4058|7
4059|2
4060|0
4061|6
4062|1
4063|0
4064|7
4065|6
4066|9
4067|5
4068|1
4069|7
4070|6
4071|6
4072|4
4073|3
4074|5
4075|5
4076|4
4077|9
4078|4
4079|6
4080|8
4081|1
4082|1
4083|1
4084|6
4085|1
4086|4
4087|2
4088|3
4089|3
4090|0
4091|7
4092|0
4093|2
4094|1
4095|1
4096|1
4097|8
4098|3
4099|5
4100|4
4101|8
4102|0
4103|9
4104|0
4105|6
4106|6
4107|2
4108|7
4109|4
4110|1
4111|0
4112|5
4113|9
4114|9
4115|6
4116|3
4117|6
4118|9
4119|0
4120|1
4121|7
4122|9
4123|2
4124|9
4125|4
4126|0
4127|6
4128|6
4129|5
4130|4
4131|0
4132|2
4133|2
4134|9
4135|2
4136|7
4137|4
4138|7
4139|1
4140|3
4141|1
4142|3
4143|0
4144|4
4145|8
4146|1
4147|6
4148|2
4149|8
4150|2
4151|2
4152|8
4153|5
4154|4
4155|3
4156|2
4157|4
4158|3
4159|3
4160|3
4161|5
4162|7
4163|1
4164|8
4165|2
4166|9
4167|0
4168|7
4169|4
4170|5
4171|0
4172|9
4173|0
4174|2
4175|0
4176|6
4177|7
4178|9
4179|6
4180|7
4181|7
4182|2
4183|6
4184|6
4185|5
4186|9
4187|7
4188|3
4189|8
4190|6
4191|5
4192|1
4193|5
4194|3
4195|4
4196|0
4197|3
4198|5
4199|6
4200|7
4201|5
4202|9
4203|0
4204|9
4205|1
4206|1
4207|2
4208|1
4209|2
4210|0
4211|3
4212|2
4213|5
4214|7
4215|5
4216|3
4217|1
4218|8
4219|8
4220|0
4221|9
4222|6
4223|1
4224|8
4225|6
4226|4
4227|1
4228|3
4229|2
4230|3
4231|5
4232|0
4233|8
4234|5
4235|1
4236|1
4237|8
4238|8
4239|2
4240|3
4241|6
4242|6
4243|8
4244|2
4245|4
4246|3
4247|3
4248|5
4249|9
4250|9
4251|1
4252|7
4253|6
4254|9
4255|7
4256|6
4257|3
4258|4
4259|1
4260|2
4261|7
4262|2
4263|1
4264|0
4265|6
4266|6
4267|4
4268|2
4269|2
4270|7
4271|5
4272|4
4273|4
4274|3
4275|1
4276|0
4277|6
4278|2
4279|1
4280|2
4281|8
4282|4
4283|4
4284|0
4285|9
4286|9
4287|7
4288|3
4289|4
4290|9
4291|2
4292|8
4293|5
4294|0
4295|2
4296|5
4297|3
4298|2
4299|0
4300|5
4301|2
4302|4
4303|1
4304|6
4305|7
4306|5
4307|9
4308|4
4309|8
4310|3
4311|4
4312|9
4313|6
4314|3
4315|4
4316|1
4317|3
4318|6
4319|7
4320|4
4321|3
4322|3
4323|2
4324|8
4325|3
4326|1
4327|4
4328|9
4329|1
4330|6
4331|2
4332|4
4333|7
4334|4
4335|7
4336|7
4337|2
4338|3
4339|2
4340|8
4341|1
4342|2
4343|9
4344|8
4345|0
4346|4
4347|8
4348|7
4349|1
4350|5
4351|5
4352|7
4353|6
4354|3
4355|7
4356|4
4357|4
4358|9
4359|5
4360|0
4361|5
4362|6
4363|9
4364|2
4365|7
4366|8
4367|4
4368|3
4369|4
4370|2
4371|7
4372|1
4373|5
4374|9
4375|9
4376|8
4377|1
4378|2
4379|6
4380|6
4381|0
4382|4
4383|4
4384|0
4385|5
4386|8
4387|5
4388|7
4389|2
4390|7
4391|0
4392|2
4393|8
4394|8
4395|8
4396|0
4397|0
4398|2
4399|7
4400|7
4401|4
4402|5
4403|3
4404|4
4405|3
4406|2
4407|7
4408|4
4409|6
4410|1
4411|1
4412|0
4413|6
4414|6
4415|8
4416|0
4417|9
4418|6
4419|4
4420|5
4421|2
4422|2
4423|1
4424|8
4425|1
4426|2
4427|4
4428|1
4429|4
4430|0
4431|4
4432|1
4433|1
4434|2
4435|4
4436|0
4437|9
4438|7
4439|4
4440|2
4441|9
4442|0
4443|7
4444|8
4445|6
4446|4
4447|5
4448|8
4449|9
4450|1
4451|2
4452|3
4453|7
4454|4
4455|9
4456|0
4457|4
4458|2
4459|6
4460|1
4461|7
4462|0
4463|1
4464|3
4465|6
4466|3
4467|2
4468|4
4469|6
4470|8
4471|8
4472|9
4473|8
4474|4
4475|4
4476|7
4477|9
4478|2
4479|6
4480|9
4481|0
4482|3
4483|6
4484|2
4485|1
4486|2
4487|8
4488|7
4489|6
4490|4
4491|7
4492|0
4493|1
4494|2
4495|6
4496|0
4497|7
4498|0
4499|0
4500|9
4501|5
4502|6
4503|8
4504|0
4505|6
4506|2
4507|7
4508|0
4509|6
4510|9
4511|8
4512|9
4513|5
4514|9
4515|0
4516|9
4517|7
4518|3
4519|1
4520|2
4521|6
4522|6
4523|0
4524|3
4525|8
4526|2
4527|4
4528|8
4529|6
4530|4
4531|1
4532|6
4533|2
4534|2
4535|6
4536|3
4537|4
4538|3
4539|8
4540|9
4541|1
4542|5
4543|7
4544|5
4545|6
4546|3
4547|1
4548|3
4549|0
4550|3
4551|1
4552|0
4553|7
4554|5
4555|9
4556|7
4557|4
4558|2
4559|9
4560|4
4561|1
4562|1
4563|8
4564|3
4565|7
4566|1
4567|2
4568|2
4569|5
4570|6
4571|0
4572|1
4573|5
4574|6
4575|1
4576|6
4577|7
4578|9
4579|0
4580|5
4581|4
4582|3
4583|0
4584|0
4585|4
4586|9
4587|8
4588|0
4589|0
4590|0
4591|5
4592|3
4593|0
4594|6
4595|4
4596|2
4597|9
4598|7
4599|6
4600|0
4601|9
4602|8
4603|5
4604|3
4605|6
4606|5
4607|4
4608|1
4609|2
4610|3
4611|6
4612|3
4613|1
4614|4
4615|1
4616|8
4617|2
4618|0
4619|1
4620|5
4621|3
4622|0
4623|4
4624|7
4625|6
4626|1
4627|3
4628|1
4629|3
4630|1
4631|9
4632|2
4633|8
4634|4
4635|2
4636|4
4637|2
4638|3
4639|3
4640|0
4641|8
4642|1
4643|0
4644|6
4645|1
4646|9
4647|2
4648|5
4649|8
4650|3
4651|0
4652|1
4653|1
4654|7
4655|8
4656|4
4657|1
4658|5
4659|8
4660|9
4661|4
4662|8
4663|4
4664|4
4665|6
4666|6
4667|9
4668|9
4669|4
4670|4
4671|1
4672|3
4673|6
4674|6
4675|6
4676|9
4677|5
4678|1
4679|1
4680|4
4681|1
4682|6
4683|8
4684|5
4685|7
4686|3
4687|7
4688|3
4689|1
4690|0
4691|9
4692|1
4693|6
4694|8
4695|9
4696|2
4697|6
4698|8
4699|5
4700|7
4701|6
4702|1
4703|5
4704|0
4705|9
4706|5
4707|1
4708|4
4709|5
4710|5
4711|6
4712|5
4713|7
4714|5
4715|5
4716|6
4717|8
4718|3
4719|9
4720|8
4721|6
4722|0
4723|6
4724|3
4725|9
4726|2
4727|4
4728|7
4729|0
4730|4
4731|3
4732|9
4733|1
4734|3
4735|5
4736|6
4737|3
4738|2
4739|4
4740|2
4741|1
4742|2
4743|2
4744|8
4745|8
4746|9
4747|9
4748|1
4749|0
4750|4
4751|5
4752|4
4753|0
4754|1
4755|5
4756|8
4757|9
4758|7
4759|7
4760|0
4761|9
4762|1
4763|3
4764|5
4765|9
4766|1
4767|0
4768|1
4769|9
4770|1
4771|8
4772|8
4773|0
4774|9
4775|7
4776|8
4777|8
4778|6
4779|9
4780|0
4781|5
4782|6
4783|9
4784|2
4785|8
4786|8
4787|6
4788|5
4789|9
4790|2
4791|6
4792|3
4793|0
4794|7
4795|4
4796|8
4797|5
4798|3
4799|3
4800|2
4801|3
4802|9
4803|8
4804|9
4805|1
4806|0
4807|0
4808|5
4809|0
4810|7
4811|2
4812|7
4813|5
4814|7
4815|2
4816|6
4817|6
4818|9
4819|7
4820|4
4821|3
4822|7
4823|7
4824|5
4825|8
4826|9
4827|7
4828|7
4829|3
4830|4
4831|1
4832|5
4833|0
4834|3
4835|7
4836|8
4837|7
4838|8
4839|9
4840|8
4841|0
4842|1
4843|7
4844|2
4845|8
4846|6
4847|9
4848|2
4849|2
4850|9
4851|2
4852|7
4853|6
4854|3
4855|3
4856|8
4857|9
4858|5
4859|0
4860|9
4861|5
4862|0
4863|9
4864|8
4865|5
4866|8
4867|0
4868|4
4869|5
4870|2
4871|5
4872|6
4873|2
4874|2
4875|6
4876|0
4877|2
4878|7
4879|3
4880|0
4881|3
4882|5
4883|4
4884|5
4885|3
4886|5
4887|7
4888|5
4889|3
4890|8
4891|1
4892|3
4893|5
4894|4
4895|5
4896|2
4897|5
4898|8
4899|5
4900|4
4901|6
4902|7
4903|1
4904|7
4905|1
4906|0
4907|8
4908|5
4909|0
4910|9
4911|6
4912|8
4913|1
4914|1
4915|8
4916|3
4917|4
4918|2
4919|1
4920|0
4921|4
4922|1
4923|2
4924|0
4925|2
4926|2
4927|7
4928|8
4929|4
4930|0
4931|9
4932|0
4933|9
4934|1
4935|4
4936|4
4937|0
4938|0
4939|9
4940|7
4941|8
4942|6
4943|1
4944|1
4945|3
4946|3
4947|6
4948|8
4949|3
4950|8
4951|1
4952|3
4953|2
4954|7
4955|1
4956|1
4957|7
4958|7
4959|6
4960|9
4961|7
4962|3
4963|6
4964|0
4965|9
4966|5
4967|9
4968|8
4969|8
4970|2
4971|2
4972|8
4973|1
4974|1
4975|9
4976|7
4977|7
4978|4
4979|1
4980|8
4981|1
4982|6
4983|5
4984|2
4985|2
4986|9
4987|5
4988|3
4989|4
4990|0
4991|8
4992|9
4993|3
4994|1
4995|1
4996|6
4997|2
4998|7
4999|5
5000|4
5001|1
5002|4
5003|7
5004|0
5005|9
5006|1
5007|9
5008|0
5009|1
5010|3
5011|4
5012|0
5013|1
5014|5
5015|8
5016|8
5017|3
5018|8
5019|9
5020|8
5021|4
5022|6
5023|3
5024|8
5025|5
5026|1
5027|8
5028|8
5029|9
5030|9
5031|6
5032|1
5033|2
5034|5
5035|0
5036|1
5037|6
5038|2
5039|0
5040|9
5041|4
5042|6
5043|9
5044|6
5045|3
5046|6
5047|6
5048|3
5049|7
5050|9
5051|8
5052|6
5053|0
5054|7
5055|1
5056|2
5057|4
5058|4
5059|7
5060|0
5061|6
5062|8
5063|7
5064|2
5065|9
5066|6
5067|1
5068|9
5069|0
5070|0
5071|9
5072|3
5073|8
5074|9
5075|9
5076|0
5077|3
5078|5
5079|8
5080|2
5081|7
5082|1
5083|8
5084|1
5085|8
5086|1
5087|4
5088|0
5089|9
5090|4
5091|2
5092|9
5093|1
5094|9
5095|8
5096|9
5097|6
5098|2
5099|9
5100|8
5101|2
5102|6
5103|3
5104|7
5105|7
5106|5
5107|2
5108|9
5109|0
5110|7
5111|3
5112|0
5113|8
5114|3
5115|4
5116|9
5117|8
5118|7
5119|9
5120|1
5121|2
5122|5
5123|1
5124|7
5125|8
5126|5
5127|6
5128|0
5129|0
5130|0
5131|0
5132|0
5133|3
5134|6
5135|4
5136|6
5137|3
5138|7
5139|4
5140|6
5141|6
5142|6
5143|9
5144|3
5145|9
5146|0
5147|7
5148|7
5149|8
5150|3
5151|6
5152|2
5153|3
5154|5
5155|3
5156|6
5157|7
5158|1
5159|4
5160|8
5161|5
5162|0
5163|3
5164|8
5165|0
5166|7
5167|4
5168|6
5169|1
5170|2
5171|4
5172|5
5173|7
5174|4
5175|0
5176|2
5177|5
5178|1
5179|8
5180|1
5181|7
5182|7
5183|2
5184|3
5185|9
5186|9
5187|6
5188|8
5189|2
5190|6
5191|7
5192|9
5193|1
5194|5
5195|5
5196|0
5197|8
5198|3
5199|5
5200|4
5201|9
5202|4
5203|9
5204|7
5205|2
5206|7
5207|1
5208|7
5209|5
5210|6
5211|8
5212|3
5213|3
5214|9
5215|8
5216|5
5217|0
5218|3
5219|4
5220|0
5221|1
5222|2
5223|4
5224|0
5225|7
5226|3
5227|0
5228|8
5229|3
5230|0
5231|5
5232|4
5233|0
5234|8
5235|5
5236|0
5237|6
5238|0
5239|2
5240|0
5241|1
5242|1
5243|0
5244|4
5245|0
5246|3
5247|2
5248|8
5249|2
5250|1
5251|4
5252|1
5253|8
5254|4
5255|1
5256|5
5257|0
5258|0
5259|6
5260|0
5261|5
5262|0
5263|4
5264|7
5265|2
5266|3
5267|0
5268|0
5269|9
5270|2
5271|9
5272|2
5273|1
5274|8
5275|6
5276|3
5277|2
5278|2
5279|0
5280|4
5281|5
5282|1
5283|7
5284|0
5285|6
5286|8
5287|8
5288|9
5289|2
5290|5
5291|3
5292|5
5293|8
5294|5
5295|8
5296|7
5297|0
5298|8
5299|8
5300|0
5301|1
5302|0
5303|0
5304|7
5305|6
5306|5
5307|8
5308|6
5309|7
5310|2
5311|6
5312|6
5313|3
5314|2
5315|0
5316|9
5317|1
5318|6
5319|3
5320|3
5321|7
5322|9
5323|7
5324|1
5325|6
5326|1
5327|5
5328|0
5329|5
5330|8
5331|6
5332|3
5333|2
5334|5
5335|4
5336|0
5337|4
5338|9
5339|2
5340|5
5341|1
5342|0
5343|0
5344|5
5345|2
5346|7
5347|8
5348|2
5349|0
5350|6
5351|3
5352|5
5353|7
5354|2
5355|7
5356|2
5357|3
5358|2
5359|3
5360|0
5361|2
5362|6
5363|7
5364|2
5365|9
5366|3
5367|8
5368|8
5369|8
5370|1
5371|8
5372|8
5373|7
5374|8
5375|5
5376|1
5377|3
5378|7
5379|3
5380|8
5381|6
5382|7
5383|3
5384|5
5385|3
5386|9
5387|3
5388|4
5389|9
5390|8
5391|1
5392|1
5393|0
5394|7
5395|0
5396|6
5397|6
5398|5
5399|0
5400|6
5401|5
5402|5
5403|5
5404|9
5405|8
5406|8
5407|9
5408|6
5409|6
5410|9
5411|0
5412|3
5413|8
5414|8
5415|3
5416|3
5417|8
5418|4
5419|7
5420|1
5421|4
5422|3
5423|3
5424|9
5425|1
5426|7
5427|5
5428|0
5429|4
5430|7
5431|1
5432|1
5433|7
5434|3
5435|0
5436|2
5437|8
5438|2
5439|9
5440|7
5441|5
5442|8
5443|3
5444|9
5445|7
5446|2
5447|8
5448|8
5449|7
5450|0
5451|8
5452|5
5453|8
5454|4
5455|3
5456|5
5457|9
5458|7
5459|1
5460|5
5461|4
5462|3
5463|2
5464|9
5465|3
5466|9
5467|0
5468|9
5469|8
5470|3
5471|3
5472|8
5473|4
5474|1
5475|9
5476|2
5477|3
5478|5
5479|6
5480|7
5481|6
5482|6
5483|3
5484|8
5485|1
5486|7
5487|3
5488|8
5489|8
5490|4
5491|6
5492|5
5493|9
5494|0
5495|6
5496|8
5497|0
5498|5
5499|0
5500|3
5501|1
5502|3
5503|3
5504|4
5505|2
5506|9
5507|1
5508|7
5509|7
5510|4
5511|2
5512|9
5513|4
5514|0
5515|8
5516|7
5517|3
5518|3
5519|6
5520|5
5521|3
5522|8
5523|3
5524|7
5525|7
5526|1
5527|9
5528|2
5529|2
5530|5
5531|1
5532|4
5533|4
5534|3
5535|4
5536|4
5537|3
5538|7
5539|9
5540|9
5541|4
5542|2
5543|7
5544|9
5545|6
5546|5
5547|3
5548|8
5549|4
5550|6
5551|9
5552|4
5553|9
5554|0
5555|4
5556|5
5557|2
5558|0
5559|2
5560|4
5561|0
5562|2
5563|1
5564|6
5565|5
5566|7
5567|8
5568|5
5569|5
5570|5
5571|7
5572|5
5573|9
5574|2
5575|7
5576|8
5577|3
5578|6
5579|1
5580|6
5581|1
5582|3
5583|7
5584|8
5585|8
5586|4
5587|3
5588|7
5589|2
5590|3
5591|0
5592|4
5593|5
5594|7
5595|5
5596|1
5597|1
5598|0
5599|7
5600|6
5601|8
5602|7
5603|7
5604|3
5605|7
5606|6
5607|7
5608|2
5609|8
5610|3
5611|7
5612|9
5613|3
5614|2
5615|4
5616|5
5617|2
5618|1
5619|3
5620|5
5621|1
5622|9
5623|8
5624|1
5625|3
5626|6
5627|3
5628|4
5629|5
5630|4
5631|9
5632|4
5633|4
5634|7
5635|6
5636|2
5637|0
5638|4
5639|0
5640|5
5641|0
5642|0
5643|5
5644|1
5645|8
5646|9
5647|0
5648|0
5649|0
5650|0
5651|9
5652|6
5653|6
5654|4
5655|5
5656|4
5657|5
5658|4
5659|3
5660|5
5661|2
5662|1
5663|4
5664|4
5665|6
5666|4
5667|7
5668|8
5669|1
5670|0
5671|0
5672|5
5673|8
5674|2
5675|1
5676|8
5677|5
5678|7
5679|2
5680|3
5681|4
5682|9
5683|7
5684|0
5685|3
5686|0
5687|4
5688|7
5689|9
5690|2
5691|2
5692|5
5693|1
5694|0
5695|0
5696|7
5697|7
5698|2
5699|3
5700|0
5701|0
5702|4
5703|5
5704|4
5705|7
5706|9
5707|9
5708|8
5709|7
5710|0
5711|6
5712|0
5713|1
5714|2
5715|1
5716|1
5717|5
5718|7
5719|0
5720|8
5721|7
5722|4
5723|6
5724|4
5725|5
5726|1
5727|0
5728|4
5729|2
5730|8
5731|7
5732|8
5733|2
5734|7
5735|7
5736|5
5737|1
5738|1
5739|8
5740|7
5741|7
5742|6
5743|4
5744|1
5745|2
5746|6
5747|7
5748|5
5749|2
5750|9
5751|3
5752|9
5753|8
5754|2
5755|0
5756|2
5757|8
5758|2
5759|9
5760|7
5761|6
5762|2
5763|8
5764|1
5765|2
5766|4
5767|1
5768|6
5769|0
5770|6
5771|7
5772|1
5773|7
5774|8
5775|0
5776|2
5777|4
5778|1
5779|9
5780|9
5781|8
5782|5
5783|5
5784|0
5785|6
5786|8
5787|7
5788|7
5789|5
5790|0
5791|3
5792|2
5793|8
5794|4
5795|2
5796|4
5797|7
5798|6
5799|3
5800|9
5801|8
5802|7
5803|5
5804|2
5805|8
5806|8
5807|8
5808|4
5809|3
5810|8
5811|1
5812|6
5813|9
5814|1
5815|2
5816|9
5817|3
5818|1
5819|1
5820|1
5821|7
5822|2
5823|0
5824|8
5825|4
5826|4
5827|5
5828|4
5829|1
5830|4
5831|2
5832|0
5833|5
5834|2
5835|9
5836|1
5837|8
5838|4
5839|4
5840|8
5841|8
5842|8
5843|8
5844|4
5845|1
5846|9
5847|5
5848|6
5849|3
5850|4
5851|7
5852|0
5853|8
5854|1
5855|3
5856|4
5857|1
5858|1
5859|3
5860|5
5861|6
5862|7
5863|8
5864|1
5865|3
5866|7
5867|9
5868|0
5869|6
5870|1
5871|6
5872|9
5873|8
5874|2
5875|0
5876|3
5877|8
5878|2
5879|5
5880|8
5881|3
5882|8
5883|1
5884|4
5885|0
5886|9
5887|6
5888|4
5889|4
5890|5
5891|4
5892|1
5893|6
5894|8
5895|3
5896|0
5897|0
5898|4
5899|2
5900|6
5901|1
5902|9
5903|0
5904|3
5905|1
5906|3
5907|8
5908|5
5909|8
5910|2
5911|6
5912|7
5913|9
5914|9
5915|5
5916|6
5917|2
5918|9
5919|6
5920|7
5921|6
5922|1
5923|0
5924|2
5925|4
5926|0
5927|6
5928|4
5929|0
5930|5
5931|3
5932|3
5933|6
5934|5
5935|8
5936|7
5937|7
5938|9
5939|4
5940|1
5941|6
5942|2
5943|8
5944|7
5945|4
5946|7
5947|7
5948|9
5949|1
5950|0
5951|0
5952|1
5953|1
5954|1
5955|6
5956|2
5957|9
5958|7
5959|2
5960|3
5961|6
5962|7
5963|1
5964|1
5965|0
5966|6
5967|0
5968|6
5969|6
5970|2
5971|0
5972|2
5973|6
5974|6
5975|8
5976|2
5977|6
5978|4
5979|5
5980|5
5981|3
5982|5
5983|7
5984|6
5985|6
5986|8
5987|8
5988|4
5989|0
5990|2
5991|9
5992|3
5993|9
5994|7
5995|4
5996|3
5997|3
5998|5
5999|1
6000|5
6001|6
6002|2
6003|5
6004|5
6005|1
6006|4
6007|4
6008|5
6009|3
6010|7
6011|8
6012|4
6013|3
6014|4
6015|7
6016|9
6017|3
6018|2
6019|6
6020|7
6021|3
6022|3
6023|1
6024|1
6025|3
6026|9
6027|8
6028|8
6029|3
6030|6
6031|3
6032|8
6033|3
6034|6
6035|4
6036|4
6037|3
6038|6
6039|3
6040|3
6041|0
6042|3
6043|5
6044|1
6045|9
6046|9
6047|7
6048|2
6049|0
6050|1
6051|6
6052|0
6053|8
6054|7
6055|7
6056|1
6057|8
6058|1
6059|1
6060|6
6061|4
6062|8
6063|1
6064|6
6065|0
6066|8
6067|7
6068|2
6069|7
6070|2
6071|0
6072|8
6073|2
6074|9
6075|1
6076|7
6077|1
6078|5
6079|6
6080|4
6081|6
6082|8
6083|2
6084|0
6085|1
6086|0
6087|7
6088|7
6089|2
6090|3
6091|4
6092|1
6093|8
6094|8
6095|5
6096|6
6097|0
6098|0
6099|1
6100|2
6101|0
6102|7
6103|0
6104|4
6105|5
6106|0
6107|9
6108|1
6109|3
6110|8
6111|9
6112|4
6113|4
6114|8
6115|5
6116|3
6117|2
6118|8
6119|8
6120|6
6121|8
6122|8
6123|0
6124|1
6125|5
6126|9
6127|4
6128|1
6129|0
6130|8
6131|1
6132|0
6133|8
6134|8
6135|5
6136|6
6137|3
6138|3
6139|8
6140|1
6141|2
6142|6
6143|6
6144|1
6145|4
6146|4
6147|5
6148|8
6149|4
6150|3
6151|1
6152|5
6153|1
6154|5
6155|6
6156|1
6157|4
6158|7
6159|8
6160|2
6161|4
6162|3
6163|7
6164|9
6165|5
6166|0
6167|3
6168|8
6169|2
6170|6
6171|6
6172|1
6173|7
6174|2
6175|3
6176|3
6177|3
6178|8
6179|0
6180|8
6181|9
6182|9
6183|1
6184|6
6185|1
6186|5
6187|7
6188|6
6189|8
6190|3
6191|1
6192|4
6193|1
6194|0
6195|9
6196|6
6197|3
6198|0
6199|3
6200|8
6201|5
6202|7
6203|9
6204|7
6205|0
6206|8
6207|5
6208|4
6209|4
6210|0
6211|6
6212|7
6213|0
6214|1
6215|9
6216|2
6217|8
6218|2
6219|3
6220|4
6221|0
6222|0
6223|8
6224|8
6225|5
6226|7
6227|4
6228|2
6229|5
6230|0
6231|7
6232|3
6233|9
6234|3
6235|7
6236|6
6237|6
6238|4
6239|0
6240|6
6241|1
6242|5
6243|4
6244|5
6245|7
6246|9
6247|5
6248|9
6249|0
6250|9
6251|2
6252|6
6253|5
6254|1
6255|2
6256|0
6257|7
6258|6
6259|4
6260|7
6261|6
6262|5
6263|5
6264|4
6265|9
6266|4
6267|4
6268|7
6269|8
6270|6
6271|0
6272|3
6273|6
6274|3
6275|6
6276|9
6277|1
6278|6
6279|0
6280|8
6281|3
6282|4
6283|1
6284|7
6285|7
6286|7
6287|1
6288|3
6289|7
6290|8
6291|0
6292|5
6293|3
6294|5
6295|5
6296|9
6297|4
6298|0
6299|6
6300|4
6301|3
6302|9
6303|1
6304|0
6305|4
6306|8
6307|2
6308|1
6309|0
6310|2
6311|3
6312|2
6313|0
6314|1
6315|8
6316|7
6317|5
6318|8
6319|1
6320|7
6321|0
6322|9
6323|6
6324|3
6325|6
6326|3
6327|7
6328|8
6329|6
6330|6
6331|0
6332|8
6333|1
6334|3
6335|8
6336|2
6337|1
6338|9
6339|6
6340|7
6341|4
6342|5
6343|5
6344|4
6345|1
6346|4
6347|2
6348|0
6349|8
6350|8
6351|5
6352|2
6353|7
6354|6
6355|0
6356|5
6357|9
6358|5
6359|7
6360|7
6361|9
6362|0
6363|5
6364|3
6365|8
6366|4
6367|6
6368|6
6369|9
6370|7
6371|5
6372|6
6373|4
6374|7
6375|0
6376|8
6377|1
6378|9
6379|4
6380|9
6381|8
6382|4
6383|6
6384|9
6385|7
6386|8
6387|8
6388|9
6389|2
6390|8
6391|9
6392|6
6393|7
6394|0
6395|4
6396|8
6397|5
6398|5
6399|8
6400|6
6401|4
6402|5
6403|7
6404|3
6405|2
6406|5
6407|3
6408|4
6409|1
6410|3
6411|5
6412|5
6413|7
6414|8
6415|0
6416|0
6417|1
6418|1
6419|9
6420|6
6421|1
6422|3
6423|8
6424|7
6425|7
6426|3
6427|7
6428|9
6429|9
6430|5
6431|3
6432|9
6433|8
6434|1
6435|2
6436|5
6437|0
6438|9
6439|7
6440|9
6441|8
6442|5
6443|8
6444|1
6445|2
6446|3
6447|3
6448|8
6449|2
6450|4
6451|8
6452|7
6453|9
6454|9
6455|5
6456|7
6457|7
6458|2
6459|4
6460|3
6461|7
6462|4
6463|8
6464|9
6465|0
6466|2
6467|7
6468|6
6469|7
6470|4
6471|3
6472|0
6473|9
6474|9
6475|6
6476|0
6477|0
6478|1
6479|3
6480|2
6481|3
6482|5
6483|4
6484|3
6485|6
6486|7
6487|7
6488|7
6489|6
6490|2
6491|8
6492|9
6493|1
6494|0
6495|7
6496|1
6497|1
6498|8
6499|1
6500|8
6501|2
6502|3
6503|0
6504|0
6505|1
6506|7
6507|6
6508|6
6509|8
6510|1
6511|1
6512|3
6513|2
6514|7
6515|4
6516|6
6517|0
6518|8
6519|1
6520|4
6521|7
6522|0
6523|1
6524|8
6525|4
6526|9
6527|5
6528|0
6529|4
6530|0
6531|5
6532|1
6533|8
6534|9
6535|6
6536|4
6537|1
6538|5
6539|8
6540|6
6541|3
6542|9
6543|6
6544|0
6545|9
6546|8
6547|7
6548|8
6549|6
6550|4
6551|2
6552|8
6553|8
6554|3
6555|1
6556|0
6557|2
6558|6
6559|2
6560|5
6561|2
6562|1
6563|3
6564|9
6565|9
6566|6
6567|1
6568|0
6569|4
6570|6
6571|4
6572|9
6573|1
6574|6
6575|2
6576|5
6577|2
6578|1
6579|7
6580|0
6581|1
6582|9
6583|0
6584|7
6585|5
6586|0
6587|6
6588|3
6589|8
6590|1
6591|4
6592|3
6593|1
6594|2
6595|0
6596|3
6597|0
6598|5
6599|7
6600|8
6601|4
6602|8
6603|6
6604|2
6605|4
6606|8
6607|1
6608|8
6609|6
6610|4
6611|5
6612|0
6613|6
6614|8
6615|9
6616|5
6617|1
6618|2
6619|8
6620|9
6621|7
6622|4
6623|2
6624|5
6625|8
6626|2
6627|7
6628|9
6629|8
6630|7
6631|8
6632|8
6633|5
6634|5
6635|3
6636|7
6637|1
6638|7
6639|6
6640|2
6641|8
6642|8
6643|2
6644|8
6645|7
6646|8
6647|0
6648|3
6649|3
6650|0
6651|8
6652|9
6653|7
6654|9
6655|1
6656|4
6657|1
6658|6
6659|2
6660|5
6661|8
6662|8
6663|3
6664|6
6665|8
6666|8
6667|9
6668|8
6669|4
6670|5
6671|3
6672|0
6673|8
6674|0
6675|1
6676|2
6677|8
6678|5
6679|5
6680|6
6681|8
6682|5
6683|6
6684|8
6685|2
6686|4
6687|0
6688|2
6689|9
6690|5
6691|4
6692|5
6693|7
6694|3
6695|6
6696|9
6697|4
6698|3
6699|7
6700|4
6701|1
6702|4
6703|7
6704|0
6705|1
6706|3
6707|0
6708|5
6709|6
6710|9
6711|4
6712|4
6713|0
6714|3
6715|8
6716|0
6717|3
6718|8
6719|9
6720|8
6721|5
6722|2
6723|5
6724|5
6725|7
6726|4
6727|1
6728|2
6729|1
6730|4
6731|7
6732|2
6733|7
6734|6
6735|5
6736|6
6737|6
6738|2
6739|2
6740|2
6741|6
6742|9
6743|8
6744|1
6745|8
6746|1
6747|4
6748|6
6749|3
6750|0
6751|9
6752|5
6753|8
6754|9
6755|5
6756|4
6757|4
6758|3
6759|4
6760|6
6761|4
6762|1
6763|4
6764|2
6765|9
6766|0
6767|1
6768|6
6769|3
6770|7
6771|7
6772|9
6773|8
6774|6
6775|4
6776|1
6777|4
6778|9
6779|6
6780|2
6781|8
6782|0
6783|3
6784|7
6785|2
6786|2
6787|5
6788|9
6789|1
6790|8
6791|5
6792|8
6793|2
6794|6
6795|3
6796|2
6797|4
6798|1
6799|7
6800|0
6801|2
6802|5
6803|2
6804|3
6805|7
6806|9
6807|3
6808|1
6809|2
6810|9
6811|1
6812|4
6813|9
6814|2
6815|3
6816|2
6817|7
6818|4
6819|4
6820|2
6821|9
6822|9
6823|5
6824|5
6825|9
6826|8
6827|7
6828|3
6829|8
6830|6
6831|2
6832|6
6833|9
6834|4
6835|5
6836|6
6837|9
6838|4
6839|8
6840|6
6841|3
6842|3
6843|0
6844|6
6845|2
6846|9
6847|8
6848|6
6849|4
6850|6
6851|0
6852|6
6853|1
6854|6
6855|2
6856|7
6857|4
6858|4
6859|8
6860|5
6861|4
6862|3
6863|0
6864|1
6865|7
6866|1
6867|4
6868|0
6869|4
6870|6
6871|6
6872|5
6873|6
6874|3
6875|8
6876|4
6877|5
6878|6
6879|0
6880|8
6881|8
6882|4
6883|1
6884|1
6885|7
6886|0
6887|3
6888|8
6889|9
6890|0
6891|3
6892|2
6893|5
6894|8
6895|7
6896|8
6897|3
6898|5
6899|5
6900|0
6901|0
6902|4
6903|9
6904|8
6905|6
6906|3
6907|5
6908|1
6909|0
6910|8
6911|9
6912|2
6913|1
6914|6
6915|9
6916|9
6917|3
6918|5
6919|8
6920|3
6921|2
6922|7
6923|5
6924|1
6925|6
6926|8
6927|1
6928|5
6929|0
6930|4
6931|8
6932|5
6933|5
6934|7
6935|8
6936|8
6937|7
6938|4
6939|5
6940|4
6941|4
6942|6
6943|0
6944|2
6945|7
6946|2
6947|8
6948|4
6949|1
6950|0
6951|9
6952|7
6953|5
6954|8
6955|6
6956|6
6957|6
6958|7
6959|9
6960|0
6961|6
6962|8
6963|6
6964|4
6965|3
6966|7
6967|6
6968|1
6969|3
6970|3
6971|3
6972|2
6973|6
6974|6
6975|8
6976|4
6977|9
6978|4
6979|1
6980|0
6981|3
6982|0
6983|6
6984|4
6985|9
6986|3
6987|9
6988|2
6989|3
6990|4
6991|2
6992|2
6993|4
6994|1
6995|6
6996|4
6997|8
6998|2
6999|1
7000|3
7001|6
7002|8
7003|0
7004|2
7005|3
7006|9
7007|9
7008|9
7009|2
7010|7
7011|3
7012|3
7013|3
7014|2
7015|9
7016|3
7017|7
7018|2
7019|3
7020|2
7021|9
7022|9
7023|5
7024|3
7025|5
7026|1
7027|1
7028|2
7029|4
7030|0
7031|5
7032|4
7033|9
7034|1
7035|1
7036|0
7037|4
7038|9
7039|0
7040|0
7041|1
7042|5
7043|0
7044|0
7045|3
7046|3
7047|0
7048|9
7049|5
7050|0
7051|8
7052|6
7053|7
7054|1
7055|4
7056|8
7057|3
7058|5
7059|3
7060|7
7061|1
7062|1
7063|2
7064|4
7065|6
7066|1
7067|0
7068|4
7069|4
7070|4
7071|0
7072|1
7073|7
7074|6
7075|6
7076|8
7077|9
7078|5
7079|6
7080|1
7081|5
7082|0
7083|8
7084|9
7085|7
7086|1
7087|9
7088|4
7089|8
7090|9
7091|0
7092|5
7093|1
7094|9
7095|4
7096|1
7097|2
7098|8
7099|1
7100|7
7101|4
7102|5
7103|7
7104|8
7105|6
7106|1
7107|2
7108|7
7109|1
7110|5
7111|7
7112|8
7113|1
7114|8
7115|0
7116|6
7117|4
7118|1
7119|9
7120|5
7121|3
7122|3
7123|5
7124|4
7125|0
7126|8
7127|6
7128|0
7129|3
7130|8
7131|0
7132|4
7133|0
7134|3
7135|8
7136|1
7137|1
7138|0
7139|5
7140|0
7141|4
7142|3
7143|5
7144|3
7145|2
7146|4
7147|2
7148|1
7149|0
7150|9
7151|1
7152|3
7153|2
7154|0
7155|1
7156|6
7157|7
7158|4
7159|6
7160|4
7161|2
7162|8
7163|3
7164|0
7165|7
7166|2
7167|1
7168|9
7169|7
7170|1
7171|3
7172|5
7173|3
7174|4
7175|0
7176|5
7177|2
7178|1
7179|9
7180|3
7181|8
7182|0
7183|6
7184|5
7185|8
7186|7
7187|1
7188|2
7189|9
7190|2
7191|9
7192|0
7193|4
7194|0
7195|1
7196|4
7197|1
7198|1
7199|6
7200|8
7201|2
7202|1
7203|6
7204|1
7205|3
7206|7
7207|4
7208|4
7209|4
7210|2
7211|3
7212|5
7213|4
7214|6
7215|4
7216|1
7217|5
7218|0
7219|7
7220|6
7221|1
7222|1
7223|2
7224|6
7225|7
7226|6
7227|7
7228|5
7229|9
7230|3
7231|5
7232|1
7233|4
7234|8
7235|6
7236|0
7237|9
7238|6
7239|9
7240|4
7241|4
7242|6
7243|0
7244|7
7245|1
7246|4
7247|4
7248|4
7249|3
7250|4
7251|6
7252|4
7253|4
7254|8
7255|4
7256|1
7257|3
7258|8
7259|2
7260|3
7261|2
7262|0
7263|2
7264|3
7265|5
7266|6
7267|1
7268|5
7269|3
7270|3
7271|2
7272|3
7273|3
7274|4
7275|2
7276|1
7277|0
7278|5
7279|5
7280|3
7281|8
7282|6
7283|2
7284|8
7285|3
7286|9
7287|9
7288|5
7289|4
7290|2
7291|4
7292|6
7293|0
7294|9
7295|1
7296|2
7297|8
7298|4
7299|6
7300|3
7301|3
7302|9
7303|9
7304|4
7305|1
7306|1
7307|0
7308|6
7309|2
7310|8
7311|4
7312|9
7313|7
7314|2
7315|7
7316|0
7317|6
7318|0
7319|3
7320|7
7321|8
7322|4
7323|1
7324|2
7325|9
7326|2
7327|1
7328|7
7329|7
7330|1
7331|0
7332|5
7333|1
7334|8
7335|0
7336|3
7337|9
7338|8
7339|4
7340|2
7341|1
7342|2
7343|3
7344|2
7345|9
7346|1
7347|9
7348|6
7349|6
7350|2
7351|3
7352|3
7353|1
7354|0
7355|4
7356|4
7357|6
7358|6
7359|0
7360|7
7361|6
7362|1
7363|7
7364|4
7365|9
7366|2
7367|4
7368|9
7369|8
7370|5
7371|2
7372|8
7373|6
7374|5
7375|6
7376|1
7377|9
7378|9
7379|1
7380|2
7381|1
7382|5
7383|0
7384|6
7385|6
7386|5
7387|4
7388|0
7389|0
7390|4
7391|8
7392|6
7393|9
7394|9
7395|4
7396|9
7397|5
7398|4
7399|7
7400|0
7401|7
7402|8
7403|6
7404|2
7405|0
7406|5
7407|0
7408|7
7409|0
7410|9
7411|7
7412|4
7413|6
7414|2
7415|8
7416|0
7417|8
7418|2
7419|2
7420|3
7421|8
7422|8
7423|9
7424|4
7425|3
7426|9
7427|2
7428|2
7429|6
7430|5
7431|7
7432|3
7433|4
7434|9
7435|5
7436|7
7437|1
7438|6
7439|7
7440|8
7441|7
7442|3
7443|3
7444|3
7445|2
7446|6
7447|9
7448|9
7449|2
7450|5
7451|8
7452|7
7453|3
7454|9
7455|2
7456|7
7457|9
7458|5
7459|8
7460|8
7461|1
7462|3
7463|8
7464|0
7465|6
7466|2
7467|2
7468|0
7469|4
7470|6
7471|4
7472|4
7473|1
7474|8
7475|7
7476|4
7477|7
7478|8
7479|2
7480|5
7481|3
7482|1
7483|8
7484|8
7485|7
7486|6
7487|7
7488|3
7489|7
7490|6
7491|5
7492|3
7493|1
7494|9
7495|0
7496|9
7497|1
7498|7
7499|1
7500|4
7501|5
7502|0
7503|4
7504|3
7505|4
7506|3
7507|1
7508|4
7509|7
7510|9
7511|0
7512|5
7513|3
7514|0
7515|0
7516|5
7517|1
7518|0
7519|6
7520|5
7521|8
7522|1
7523|0
7524|4
7525|2
7526|3
7527|5
7528|0
7529|5
7530|6
7531|1
7532|6
7533|7
7534|1
7535|4
7536|5
7537|1
7538|4
7539|2
7540|7
7541|2
7542|3
7543|6
7544|9
7545|4
7546|5
7547|7
7548|5
7549|7
7550|9
7551|4
7552|8
7553|4
7554|2
7555|2
7556|4
7557|7
7558|3
7559|8
7560|2
7561|7
7562|3
7563|9
7564|1
7565|3
7566|4
7567|3
7568|6
7569|7
7570|4
7571|7
7572|6
7573|2
7574|1
7575|9
7576|0
7577|2
7578|3
7579|6
7580|8
7581|2
7582|0
7583|5
7584|4
7585|1
7586|4
7587|7
7588|6
7589|2
7590|8
7591|0
7592|1
7593|0
7594|3
7595|5
7596|9
7597|1
7598|4
7599|8
7600|5
7601|5
7602|5
7603|6
7604|9
7605|2
7606|5
7607|1
7608|2
7609|8
7610|9
7611|3
7612|7
7613|3
7614|9
7615|8
7616|3
7617|1
7618|6
7619|9
7620|4
7621|1
7622|3
7623|2
7624|2
7625|8
7626|7
7627|7
7628|7
7629|4
7630|3
7631|4
7632|3
7633|5
7634|6
7635|7
7636|0
7637|5
7638|5
7639|0
7640|6
7641|9
7642|7
7643|2
7644|0
7645|7
7646|7
7647|9
7648|2
7649|5
7650|0
7651|0
7652|6
7653|9
7654|3
7655|9
7656|4
7657|3
7658|6
7659|1
7660|4
7661|1
7662|7
7663|4
7664|3
7665|3
7666|3
7667|7
7668|2
7669|7
7670|6
7671|2
7672|4
7673|8
7674|8
7675|4
7676|9
7677|6
7678|5
7679|5
7680|9
7681|9
7682|6
7683|7
7684|5
7685|7
7686|2
7687|9
7688|5
7689|4
7690|5
7691|7
7692|9
7693|5
7694|8
7695|5
7696|2
7697|8
7698|8
7699|0
7700|6
7701|7
7702|9
7703|5
7704|0
7705|9
7706|6
7707|7
7708|2
7709|9
7710|5
7711|6
7712|1
7713|4
7714|4
7715|1
7716|8
7717|0
7718|2
7719|3
7720|2
7721|0
7722|2
7723|2
7724|9
7725|9
7726|2
7727|2
7728|3
7729|1
7730|4
7731|6
7732|6
7733|0
7734|7
7735|6
7736|5
7737|5
7738|7
7739|4
7740|5
7741|4
7742|7
7743|0
7744|8
7745|8
7746|6
7747|6
7748|8
7749|8
7750|9
7751|0
7752|4
7753|2
7754|5
7755|4
7756|8
7757|8
7758|1
7759|6
7760|3
7761|5
7762|1
7763|0
7764|7
7765|0
7766|1
7767|6
7768|2
7769|9
7770|8
7771|7
7772|5
7773|0
7774|1
7775|8
7776|6
7777|4
7778|7
7779|0
7780|9
7781|9
7782|8
7783|4
7784|3
7785|4
7786|4
7787|3
7788|4
7789|1
7790|7
7791|8
7792|7
7793|3
7794|9
7795|7
7796|2
7797|2
7798|4
7799|7
7800|5
7801|5
7802|5
7803|4
7804|2
7805|8
7806|1
7807|3
7808|8
7809|5
7810|3
7811|1
7812|9
7813|6
7814|2
7815|8
7816|0
7817|8
7818|4
7819|4
7820|6
7821|4
7822|3
7823|8
7824|2
7825|7
7826|7
7827|4
7828|2
7829|2
7830|9
7831|8
7832|2
7833|4
7834|8
7835|4
7836|7
7837|7
7838|2
7839|7
7840|8
7841|6
7842|1
7843|2
7844|9
7845|2
7846|8
7847|7
7848|4
7849|0
7850|8
7851|0
7852|4
7853|3
7854|2
7855|7
7856|7
7857|2
7858|1
7859|7
7860|9
7861|2
7862|6
7863|4
7864|9
7865|7
7866|6
7867|4
7868|9
7869|2
7870|6
7871|6
7872|7
7873|9
7874|2
7875|3
7876|2
7877|5
7878|1
7879|0
7880|7
7881|9
7882|7
7883|5
7884|1
7885|3
7886|4
7887|8
7888|3
7889|3
7890|8
7891|2
7892|2
7893|3
7894|4
7895|0
7896|4
7897|4
7898|7
7899|3
7900|4
7901|0
7902|4
7903|0
7904|8
7905|0
7906|0
7907|6
7908|3
7909|7
7910|7
7911|9
7912|2
7913|0
7914|0
7915|6
7916|6
7917|3
7918|7
7919|1
7920|1
7921|3
7922|7
7923|2
7924|0
7925|4
7926|1
7927|9
7928|5
7929|9
7930|4
7931|3
7932|1
7933|9
7934|7
7935|1
7936|3
7937|6
7938|2
7939|9
7940|4
7941|6
7942|8
7943|4
7944|8
7945|0
7946|5
7947|4
7948|3
7949|1
7950|0
7951|7
7952|6
7953|7
7954|3
7955|7
7956|9
7957|7
7958|8
7959|4
7960|3
7961|0
7962|2
7963|7
7964|6
7965|7
7966|8
7967|1
7968|3
7969|3
7970|3
7971|8
7972|2
7973|4
7974|2
7975|8
7976|2
7977|3
7978|8
7979|8
7980|4
7981|3
7982|8
7983|1
7984|8
7985|1
7986|5
7987|4
7988|9
7989|2
7990|6
7991|6
7992|9
7993|8
7994|0
7995|2
7996|1
7997|6
7998|7
7999|3
8000|6
8001|4
8002|2
8003|8
8004|6
8005|1
8006|1
8007|3
8008|7
8009|5
8010|8
8011|9
8012|0
8013|7
8014|3
8015|2
8016|1
8017|9
8018|7
8019|4
8020|0
8021|1
8022|0
8023|5
8024|5
8025|2
8026|3
8027|7
8028|1
8029|7
8030|3
8031|9
8032|1
8033|3
8034|3
8035|6
8036|9
8037|9
8038|8
8039|9
8040|2
8041|5
8042|8
8043|7
8044|1
8045|0
8046|0
8047|5
8048|8
8049|5
8050|8
8051|3
8052|2
8053|9
8054|1
8055|8
8056|5
8057|6
8058|7
8059|4
8060|6
8061|3
8062|3
8063|1
8064|9
8065|9
8066|5
8067|7
8068|9
8069|0
8070|8
8071|5
8072|1
8073|1
8074|2
8075|3
8076|7
8077|5
8078|2
8079|1
8080|5
8081|1
8082|0
8083|3
8084|3
8085|8
8086|9
8087|6
8088|5
8089|6
8090|2
8091|3
8092|6
8093|3
8094|8
8095|0
8096|3
8097|0
8098|1
8099|1
8100|4
8101|7
8102|8
8103|3
8104|8
8105|1
8106|9
8107|1
8108|1
8109|0
8110|7
8111|3
8112|7
8113|3
8114|7
8115|4
8116|5
8117|8
8118|2
8119|9
8120|2
8121|4
8122|2
8123|1
8124|6
8125|5
8126|0
8127|3
8128|3
8129|1
8130|9
8131|5
8132|4
8133|3
8134|7
8135|5
8136|6
8137|3
8138|8
8139|3
8140|0
8141|9
8142|2
8143|6
8144|9
8145|8
8146|0
8147|8
8148|1
8149|9
8150|1
8151|4
8152|1
8153|6
8154|8
8155|7
8156|6
8157|6
8158|8
8159|3
8160|3
8161|2
8162|6
8163|3
8164|7
8165|7
8166|3
8167|6
8168|6
8169|2
8170|1
8171|4
8172|4
8173|2
8174|3
8175|7
8176|5
8177|8
8178|5
8179|7
8180|4
8181|1
8182|4
8183|5
8184|7
8185|0
8186|7
8187|4
8188|1
8189|8
8190|5
8191|2
8192|0
8193|2
8194|7
8195|8
8196|6
8197|4
8198|7
8199|8
8200|6
8201|4
8202|0
8203|7
8204|5
8205|4
8206|9
8207|4
8208|9
8209|7
8210|9
8211|3
8212|2
8213|2
8214|5
8215|5
8216|8
8217|9
8218|8
8219|8
8220|9
8221|1
8222|8
8223|8
8224|1
8225|2
8226|2
8227|4
8228|5
8229|7
8230|9
8231|4
8232|4
8233|3
8234|3
8235|5
8236|8
8237|4
8238|4
8239|5
8240|7
8241|9
8242|4
8243|0
8244|6
8245|4
8246|7
8247|3
8248|3
8249|9
8250|7
8251|9
8252|8
8253|2
8254|3
8255|5
8256|6
8257|9
8258|8
8259|8
8260|2
8261|2
8262|8
8263|6
8264|2
8265|3
8266|1
8267|6
8268|0
8269|0
8270|2
8271|8
8272|9
8273|1
8274|5
8275|7
8276|8
8277|0
8278|0
8279|1
8280|0
8281|6
8282|9
8283|5
8284|5
8285|4
8286|4
8287|8
8288|7
8289|2
8290|4
8291|9
8292|3
8293|0
8294|9
8295|1
8296|5
8297|5
8298|0
8299|8
8300|0
8301|5
8302|1
8303|5
8304|7
8305|8
8306|5
8307|1
8308|2
8309|8
8310|0
8311|9
8312|4
8313|8
8314|1
8315|4
8316|6
8317|9
8318|5
8319|8
8320|5
8321|3
8322|8
8323|3
8324|5
8325|2
8326|5
8327|3
8328|2
8329|1
8330|4
8331|5
8332|1
8333|7
8334|5
8335|7
8336|5
8337|0
8338|0
8339|4
8340|8
8341|6
8342|0
8343|6
8344|6
8345|6
8346|4
8347|7
8348|6
8349|2
8350|5
8351|0
8352|2
8353|9
8354|2
8355|1
8356|1
8357|5
8358|1
8359|8
8360|5
8361|5
8362|2
8363|6
8364|4
8365|3
8366|9
8367|8
8368|3
8369|7
8370|1
8371|9
8372|0
8373|0
8374|9
8375|3
8376|9
8377|6
8378|8
8379|4
8380|0
8381|8
8382|3
8383|7
8384|5
8385|9
8386|1
8387|5
8388|2
8389|8
8390|8
8391|1
8392|8
8393|4
8394|7
8395|2
8396|6
8397|6
8398|9
8399|5
8400|2
8401|0
8402|8
8403|1
8404|6
8405|1
8406|5
8407|2
8408|2
8409|3
8410|2
8411|0
8412|6
8413|4
8414|1
8415|7
8416|1
8417|7
8418|6
8419|6
8420|4
8421|9
8422|2
8423|2
8424|5
8425|5
8426|5
8427|7
8428|9
8429|7
8430|7
8431|0
8432|2
8433|7
8434|2
8435|3
8436|5
8437|0
8438|9
8439|8
8440|0
8441|0
8442|7
8443|1
8444|5
8445|7
8446|3
8447|9
8448|4
8449|1
8450|6
8451|4
8452|5
8453|3
8454|1
8455|1
8456|0
8457|6
8458|6
8459|7
8460|8
8461|3
8462|3
8463|3
8464|5
8465|4
8466|4
8467|1
8468|6
8469|6
8470|5
8471|5
8472|9
8473|9
8474|7
8475|3
8476|7
8477|0
8478|3
8479|1
8480|4
8481|4
8482|1
8483|5
8484|1
8485|0
8486|0
8487|9
8488|9
8489|9
8490|0
8491|3
8492|7
8493|1
8494|5
8495|9
8496|9
8497|9
8498|5
8499|6
8500|0
8501|5
8502|5
8503|2
8504|5
8505|6
8506|5
8507|0
8508|8
8509|6
8510|9
8511|6
8512|3
8513|0
8514|4
8515|6
8516|2
8517|8
8518|3
8519|7
8520|8
8521|4
8522|0
8523|6
8524|5
8525|9
8526|9
8527|8
8528|3
8529|4
8530|7
8531|2
8532|1
8533|2
8534|9
8535|8
8536|1
8537|4
8538|5
8539|4
8540|7
8541|2
8542|8
8543|6
8544|2
8545|7
8546|2
8547|9
8548|6
8549|6
8550|6
8551|3
8552|4
8553|1
8554|6
8555|8
8556|8
8557|9
8558|2
8559|7
8560|0
8561|1
8562|6
8563|1
8564|9
8565|7
8566|7
8567|2
8568|1
8569|2
8570|8
8571|1
8572|3
8573|5
8574|2
8575|4
8576|4
8577|4
8578|8
8579|0
8580|7
8581|6
8582|1
8583|4
8584|1
8585|3
8586|9
8587|6
8588|3
8589|4
8590|5
8591|0
8592|8
8593|9
8594|8
8595|9
8596|8
8597|4
8598|8
8599|5
8600|6
8601|6
8602|1
8603|8
8604|5
8605|7
8606|3
8607|6
8608|4
8609|5
8610|2
8611|3
8612|6
8613|7
8614|6
8615|7
8616|7
8617|4
8618|8
8619|2
8620|3
8621|5
8622|3
8623|5
8624|8
8625|9
8626|7
8627|8
8628|9
8629|5
8630|4
8631|0
8632|9
8633|2
8634|9
8635|9
8636|4
8637|6
8638|1
8639|4
8640|2
8641|1
8642|1
8643|3
8644|7
8645|3
8646|9
8647|2
8648|4
8649|6
8650|4
8651|2
8652|3
8653|3
8654|6
8655|6
8656|1
8657|3
8658|8
8659|2
8660|5
8661|7
8662|2
8663|5
8664|0
8665|0
8666|8
8667|7
8668|2
8669|6
8670|2
8671|9
8672|9
8673|7
8674|1
8675|7
8676|4
8677|8
8678|7
8679|9
8680|6
8681|9
8682|3
8683|4
8684|8
8685|0
8686|6
8687|2
8688|4
8689|6
8690|4
8691|3
8692|2
8693|6
8694|7
8695|3
8696|3
8697|3
8698|8
8699|3
8700|9
8701|1
8702|4
8703|0
8704|0
8705|6
8706|8
8707|3
8708|9
8709|7
8710|2
8711|1
8712|3
8713|9
8714|4
8715|3
8716|2
8717|5
8718|5
8719|6
8720|3
8721|1
8722|3
8723|8
8724|1
8725|6
8726|6
8727|5
8728|6
8729|5
8730|7
8731|0
8732|2
8733|9
8734|9
8735|1
8736|1
8737|1
8738|6
8739|8
8740|2
8741|3
8742|7
8743|8
8744|8
8745|2
8746|1
8747|2
8748|2
8749|1
8750|4
8751|9
8752|8
8753|2
8754|8
8755|4
8756|7
8757|8
8758|1
8759|9
8760|8
8761|6
8762|5
8763|8
8764|7
8765|7
8766|9
8767|6
8768|1
8769|0
8770|9
8771|6
8772|2
8773|3
8774|7
8775|5
8776|0
8777|5
8778|6
8779|9
8780|5
8781|2
8782|4
8783|0
8784|3
8785|4
8786|9
8787|1
8788|2
8789|4
8790|0
8791|7
8792|6
8793|9
8794|0
8795|5
8796|8
8797|2
8798|8
8799|6
8800|0
8801|5
8802|7
8803|3
8804|8
8805|8
8806|7
8807|1
8808|9
8809|0
8810|5
8811|3
8812|5
8813|9
8814|4
8815|2
8816|5
8817|6
8818|8
8819|9
8820|9
8821|2
8822|8
8823|9
8824|0
8825|7
8826|7
8827|9
8828|2
8829|0
8830|7
8831|2
8832|5
8833|4
8834|4
8835|8
8836|1
8837|7
8838|5
8839|6
8840|0
8841|2
8842|5
8843|4
8844|6
8845|8
8846|9
8847|8
8848|6
8849|3
8850|1
8851|9
8852|7
8853|0
8854|2
8855|7
8856|2
8857|3
8858|0
8859|5
8860|3
8861|0
8862|1
8863|4
8864|5
8865|3
8866|4
8867|4
8868|9
8869|8
8870|6
8871|7
8872|2
8873|7
8874|1
8875|9
8876|0
8877|5
8878|7
8879|7
8880|7
8881|4
8882|9
8883|8
8884|3
8885|2
8886|1
8887|2
8888|6
8889|0
8890|9
8891|1
8892|7
8893|2
8894|9
8895|8
8896|1
8897|6
8898|7
8899|6
8900|2
8901|1
8902|9
8903|8
8904|7
8905|7
8906|1
8907|1
8908|7
8909|9
8910|9
8911|1
8912|8
8913|9
8914|5
8915|1
8916|1
8917|0
8918|2
8919|0
8920|8
8921|7
8922|2
8923|4
8924|3
8925|6
8926|7
8927|4
8928|3
8929|9
8930|9
8931|3
8932|7
8933|4
8934|5
8935|7
8936|1
8937|8
8938|1
8939|7
8940|9
8941|9
8942|4
8943|0
8944|6
8945|5
8946|2
8947|6
8948|8
8949|1
8950|1
8951|3
8952|5
8953|0
8954|5
8955|6
8956|5
8957|8
8958|5
8959|6
8960|6
8961|9
8962|8
8963|0
8964|0
8965|0
8966|2
8967|6
8968|4
8969|4
8970|2
8971|3
8972|9
8973|9
8974|1
8975|0
8976|5
8977|9
8978|0
8979|8
8980|3
8981|1
8982|4
8983|1
8984|3
8985|3
8986|2
8987|4
8988|5
8989|1
8990|9
8991|7
8992|4
8993|5
8994|7
8995|7
8996|7
8997|9
8998|6
8999|2
9000|2
9001|5
9002|9
9003|7
9004|2
9005|9
9006|5
9007|5
9008|5
9009|4
9010|2
9011|0
9012|3
9013|5
9014|6
9015|8
9016|4
9017|9
9018|5
9019|5
9020|2
9021|8
9022|5
9023|9
9024|6
9025|7
9026|3
9027|6
9028|7
9029|3
9030|9
9031|9
9032|1
9033|1
9034|5
9035|6
9036|5
9037|8
9038|7
9039|5
9040|6
9041|0
9042|5
9043|6
9044|2
9045|0
9046|3
9047|5
9048|7
9049|8
9050|7
9051|6
9052|8
9053|2
9054|5
9055|4
9056|0
9057|1
9058|9
9059|5
9060|7
9061|3
9062|9
9063|9
9064|4
9065|7
9066|4
9067|0
9068|9
9069|2
9070|7
9071|4
9072|7
9073|6
9074|2
9075|7
9076|7
9077|5
9078|5
9079|4
9080|4
9081|4
9082|7
9083|0
9084|8
9085|2
9086|9
9087|3
9088|9
9089|2
9090|2
9091|6
9092|7
9093|2
9094|6
9095|1
9096|3
9097|1
9098|5
9099|5
9100|7
9101|7
9102|1
9103|4
9104|7
9105|5
9106|3
9107|4
9108|8
9109|8
9110|3
9111|3
9112|8
9113|4
9114|8
9115|6
9116|4
9117|5
9118|1
9119|9
9120|6
9121|3
9122|6
9123|9
9124|1
9125|2
9126|8
9127|8
9128|4
9129|6
9130|4
9131|6
9132|4
9133|3
9134|7
9135|3
9136|0
9137|7
9138|6
9139|4
9140|9
9141|8
9142|2
9143|9
9144|7
9145|0
9146|2
9147|2
9148|3
9149|3
9150|4
9151|2
9152|5
9153|6
9154|1
9155|7
9156|0
9157|1
9158|8
9159|3
9160|2
9161|8
9162|6
9163|4
9164|4
9165|7
9166|9
9167|9
9168|6
9169|3
9170|5
9171|3
9172|0
9173|5
9174|6
9175|2
9176|7
9177|1
9178|1
9179|5
9180|5
9181|9
9182|6
9183|7
9184|2
9185|7
9186|4
9187|6
9188|1
9189|8
9190|7
9191|1
9192|0
9193|0
9194|1
9195|2
9196|9
9197|2
9198|5
9199|9
9200|9
9201|9
9202|8
9203|1
9204|9
9205|3
9206|3
9207|7
9208|8
9209|0
9210|7
9211|0
9212|2
9213|8
9214|0
9215|0
9216|1
9217|5
9218|7
9219|4
9220|9
9221|3
9222|5
9223|6
9224|1
9225|0
9226|2
9227|0
9228|4
9229|3
9230|4
9231|6
9232|6
9233|1
9234|6
9235|3
9236|4
9237|6
9238|4
9239|8
9240|2
9241|5
9242|1
9243|7
9244|1
9245|1
9246|7
9247|8
9248|0
9249|7
9250|9
9251|7
9252|9
9253|8
9254|4
9255|6
9256|5
9257|4
9258|2
9259|7
9260|1
9261|7
9262|6
9263|2
9264|2
9265|3
9266|4
9267|5
9268|6
9269|7
9270|7
9271|8
9272|0
9273|8
9274|7
9275|6
9276|3
9277|1
9278|7
9279|2
9280|5
9281|2
9282|2
9283|9
9284|9
9285|0
9286|5
9287|0
9288|0
9289|0
9290|0
9291|1
9292|6
9293|9
9294|8
9295|3
9296|3
9297|5
9298|9
9299|3
9300|0
9301|5
9302|8
9303|2
9304|8
9305|7
9306|4
9307|9
9308|8
9309|5
9310|0
9311|9
9312|6
9313|6
9314|2
9315|5
9316|0
9317|0
9318|6
9319|5
9320|5
9321|4
9322|7
9323|7
9324|7
9325|8
9326|1
9327|6
9328|3
9329|7
9330|4
9331|8
9332|4
9333|5
9334|6
9335|2
9336|6
9337|0
9338|7
9339|1
9340|8
9341|4
9342|0
9343|9
9344|6
9345|7
9346|9
9347|1
9348|3
9349|9
9350|2
9351|4
9352|5
9353|9
9354|1
9355|6
9356|4
9357|4
9358|9
9359|9
9360|5
9361|7
9362|8
9363|4
9364|4
9365|2
9366|3
9367|8
9368|0
9369|9
9370|9
9371|0
9372|7
9373|2
9374|6
9375|0
9376|2
9377|0
9378|8
9379|1
9380|6
9381|7
9382|9
9383|9
9384|4
9385|7
9386|3
9387|0
9388|1
9389|0
9390|4
9391|9
9392|3
9393|3
9394|7
9395|6
9396|8
9397|0
9398|8
9399|1
9400|2
9401|3
9402|4
9403|5
9404|1
9405|1
9406|8
9407|3
9408|0
9409|4
9410|5
9411|4
9412|1
9413|0
9414|9
9415|3
9416|5
9417|0
9418|3
9419|9
9420|0
9421|8
9422|2
9423|2
9424|6
9425|3
9426|3
9427|7
9428|2
9429|5
9430|7
9431|1
9432|2
9433|4
9434|3
9435|8
9436|6
9437|3
9438|1
9439|3
9440|0
9441|8
9442|4
9443|0
9444|0
9445|0
9446|4
9447|3
9448|2
9449|6
9450|9
9451|9
9452|0
9453|1
9454|0
9455|2
9456|1
9457|8
9458|5
9459|9
9460|3
9461|0
9462|2
9463|8
9464|6
9465|4
9466|6
9467|0
9468|7
9469|0
9470|6
9471|2
9472|9
9473|0
9474|7
9475|5
9476|4
9477|6
9478|1
9479|2
9480|0
9481|7
9482|5
9483|5
9484|5
9485|8
9486|5
9487|6
9488|8
9489|1
9490|4
9491|8
9492|2
9493|1
9494|8
9495|8
9496|0
9497|8
9498|5
9499|2
9500|7
9501|6
9502|7
9503|4
9504|8
9505|9
9506|4
9507|7
9508|4
9509|7
9510|1
9511|3
9512|9
9513|7
9514|5
9515|4
9516|0
9517|6
9518|0
9519|2
9520|6
9521|8
9522|7
9523|9
9524|9
9525|7
9526|4
9527|7
9528|2
9529|4
9530|5
9531|4
9532|7
9533|3
9534|6
9535|9
9536|3
9537|5
9538|5
9539|5
9540|3
9541|6
9542|2
9543|9
9544|6
9545|1
9546|5
9547|5
9548|7
9549|3
9550|8
9551|3
9552|0
9553|8
9554|0
9555|9
9556|1
9557|5
9558|9
9559|1
9560|1
9561|9
9562|0
9563|4
9564|1
9565|0
9566|7
9567|1
9568|0
9569|3
9570|9
9571|7
9572|7
9573|9
9574|5
9575|8
9576|2
9577|9
9578|6
9579|5
9580|4
9581|3
9582|5
9583|0
9584|6
9585|4
9586|0
9587|7
9588|6
9589|4
9590|9
9591|5
9592|8
9593|1
9594|9
9595|9
9596|3
9597|8
9598|7
9599|2
9600|2
9601|1
9602|0
9603|7
9604|7
9605|4
9606|8
9607|0
9608|7
9609|7
9610|3
9611|1
9612|8
9613|5
9614|6
9615|1
9616|7
9617|4
9618|5
9619|8
9620|4
9621|2
9622|2
9623|1
9624|1
9625|9
9626|9
9627|5
9628|9
9629|6
9630|9
9631|8
9632|8
9633|5
9634|3
9635|9
9636|8
9637|7
9638|9
9639|8
9640|3
9641|8
9642|0
9643|2
9644|8
9645|4
9646|9
9647|3
9648|0
9649|5
9650|3
9651|8
9652|8
9653|5
9654|5
9655|7
9656|4
9657|8
9658|6
9659|2
9660|3
9661|6
9662|5
9663|7
9664|4
9665|7
9666|2
9667|7
9668|4
9669|2
9670|8
9671|8
9672|1
9673|6
9674|2
9675|2
9676|4
9677|1
9678|3
9679|4
9680|0
9681|0
9682|7
9683|8
9684|6
9685|4
9686|2
9687|7
9688|3
9689|9
9690|6
9691|2
9692|6
9693|1
9694|1
9695|4
9696|7
9697|8
9698|0
9699|8
9700|2
9701|0
9702|1
9703|7
9704|9
9705|6
9706|6
9707|6
9708|2
9709|8
9710|6
9711|0
9712|1
9713|0
9714|6
9715|1
9716|1
9717|6
9718|3
9719|0
9720|2
9721|0
9722|4
9723|7
9724|0
9725|7
9726|6
9727|3
9728|8
9729|8
9730|7
9731|0
9732|9
9733|7
9734|0
9735|8
9736|9
9737|7
9738|6
9739|9
9740|7
9741|0
9742|2
9743|3
9744|7
9745|2
9746|2
9747|2
9748|9
9749|5
9750|6
9751|9
9752|9
9753|2
9754|7
9755|2
9756|3
9757|8
9758|7
9759|7
9760|4
9761|3
9762|9
9763|0
9764|8
9765|1
9766|9
9767|4
9768|1
9769|4
9770|6
9771|9
9772|1
9773|1
9774|4
9775|0
9776|3
9777|4
9778|8
9779|1
9780|1
9781|9
9782|4
9783|8
9784|7
9785|8
9786|4
9787|4
9788|3
9789|7
9790|8
9791|7
9792|8
9793|8
9794|9
9795|1
9796|7
9797|2
9798|2
9799|3
9800|1
9801|7
9802|4
9803|2
9804|3
9805|1
9806|1
9807|0
9808|1
9809|8
9810|9
9811|3
9812|9
9813|0
9814|8
9815|7
9816|0
9817|0
9818|0
9819|4
9820|7
9821|6
9822|5
9823|3
9824|1
9825|8
9826|4
9827|7
9828|0
9829|3
9830|7
9831|4
9832|1
9833|4
9834|5
9835|7
9836|7
9837|6
9838|9
9839|0
9840|1
9841|3
9842|9
9843|6
9844|5
9845|1
9846|0
9847|7
9848|1
9849|7
9850|5
9851|3
9852|4
9853|5
9854|6
9855|1
9856|3
9857|9
9858|0
9859|5
9860|8
9861|0
9862|4
9863|3
9864|5
9865|1
9866|6
9867|7
9868|1
9869|0
9870|5
9871|7
9872|1
9873|9
9874|3
9875|4
9876|4
9877|7
9878|2
9879|3
9880|3
9881|1
9882|2
9883|8
9884|9
9885|0
9886|4
9887|6
9888|1
9889|4
9890|6
9891|2
9892|9
9893|5
9894|4
9895|8
9896|0
9897|1
9898|2
9899|3
9900|2
9901|2
9902|9
9903|0
9904|6
9905|0
9906|3
9907|5
9908|4
9909|0
9910|1
9911|5
9912|1
9913|5
9914|1
9915|2
9916|6
9917|5
9918|6
9919|3
9920|7
9921|0
9922|6
9923|2
9924|4
9925|7
9926|9
9927|6
9928|5
9929|8
9930|7
9931|9
9932|4
9933|1
9934|2
9935|6
9936|3
9937|0
9938|3
9939|9
9940|0
9941|5
9942|9
9943|2
9944|0
9945|6
9946|9
9947|7
9948|5
9949|4
9950|4
9951|5
9952|7
9953|6
9954|7
9955|1
9956|6
9957|6
9958|4
9959|7
9960|6
9961|2
9962|8
9963|0
9964|8
9965|1
9966|5
9967|5
9968|6
9969|0
9970|6
9971|2
9972|5
9973|3
9974|1
9975|4
9976|7
9977|3
9978|8
9979|6
9980|0
9981|6
9982|3
9983|6
9984|4
9985|5
9986|7
9987|9
9988|1
9989|5
9990|4
9991|3
9992|7
9993|7
9994|7
9995|3
9996|1
9997|7
9998|7
9999|2
